site;mois;poids
FRA001;1;3,01
FRA002;1;4,62
FRA003;1;6,6
FRA004;1;2,97
FRA005;1;7,715
FRA006;1;13,115
FRA007;1;6,227
FRA008;1;5,641
FRA009;1;15,942
FRA010;1;3,67
FRA011;1;11,647
FRA012;1;11,93
FRA013;1;6,483
FRA015;1;4,642
FRA016;1;11,851
FRA017;1;5,638
FRA019;1;6,051
FRA020;1;5,58
FRA021;1;8,223
FRA022;1;2,89
FRA023;1;9,69
FRA024;1;5,072
FRA025;1;12,034
FRA026;1;4,49
FRA027;1;4,5
FRA029;1;18,604
FRA030;1;8,455
FRA031;1;13,959
FRA032;1;8,04
FRA033;1;8,283
FRA034;1;12,801
FRA035;1;19,591
FRA036;1;29,606
FRA037;1;4,94
FRA038;1;5,074
FRA039;1;9,742
FRA041;1;10,59
FRA042;1;8,821
FRA043;1;17,02
FRA044;1;15,026
FRA045;1;11,198
FRA046;1;5,726
FRA047;1;8,295
FRA048;1;4,172
FRA049;1;2,79
FRA050;1;5,503
FRA051;1;14,321
FRA052;1;1,485
FRA053;1;4,406
FRA054;1;11,252
FRA055;1;4,65
FRA056;1;10,28
FRA057;1;8,886
FRA058;1;21,37
FRA059;1;4,893
FRA060;1;8,7
FRA063;1;16,21
FRA064;1;23,97
FRA068;1;0,531
FRA070;1;10,88
FRA071;1;7,178
FRA072;1;1,479
FRA073;1;4,742
FRA075;1;4,659
FRA076;1;2,456
FRA078;1;4,879
FRA079;1;2,72
FRA080;1;8,146
FRA082;1;7,38
FRA084;1;8,559
FRA085;1;2,15
FRA086;1;1,2
FRA087;1;4,219
FRA088;1;5,42
FRA089;1;4,46
FRA090;1;3,465
FRA091;1;4,95
FRA092;1;9,869
FRA093;1;6,339
FRA095;1;6,3
FRA096;1;3,122
FRA097;1;1,773
FRA098;1;15,893
FRA099;1;5,56
FRA100;1;6,33
FRA102;1;7,245
FRA103;1;2,368
FRA104;1;4,782
FRA105;1;8,718
FRA106;1;6,599
FRA107;1;6,234
FRA108;1;4,644
FRA109;1;4,17
FRA110;1;7,177
FRA111;1;12,235
FRA112;1;10,042
FRA113;1;1,906
FRA115;1;23,194
FRA116;1;11,767
FRA117;1;2,992
FRA118;1;6,67
FRA119;1;16,4
FRA120;1;1,718
FRA121;1;1,879
FRA190;1;3,65
FRA195;1;5,152
FRA197;1;3,32
FRA200;1;6,614
FRA201;1;14,24
FRA202;1;8,686
FRA203;1;4,882
FRA204;1;12,077
FRA205;1;9,59
FRA206;1;3,639
FRA207;1;0,96
FRA208;1;8,258
FRA209;1;1,56
FRA210;1;9,96
FRA211;1;2,046
FRA212;1;1,964
FRA215;1;7,286
FRA217;1;2,886
FRA218;1;2,1
FRA250;1;3,84
FRA251;1;2,44
FRA252;1;4,62
FRA253;1;3,465
FRA254;1;5,61
FRA255;1;5,61
FRA301;1;3,883
FRA302;1;7,87
FRA303;1;0,113
FRA304;1;6,649
FRA305;1;5,139
FRA307;1;2,362
FRA309;1;1,63
FRA310;1;3,366
FRA311;1;8,363
FRA312;1;16,41
FRA313;1;1,612
FRA314;1;1,44
FRA315;1;3,393
FRA316;1;2,784
FRA317;1;2,805
FRA318;1;4,176
FRA319;1;0,478
FRA320;1;2,17
FRA321;1;1,415
FRA322;1;3,111
FRA323;1;1,18
FRA324;1;5,706
FRA325;1;1,653
FRA327;1;4,67
FRA328;1;17,893
FRA329;1;2,56
FRA330;1;6,866
FRA331;1;7,737
FRA332;1;2,035
FRA333;1;3,44
FRA335;1;9,04
FRA336;1;4,111
FRA337;1;6,119
FRA338;1;2,48
FRA339;1;0
FRA340;1;3,874
FRA342;1;6,924
FRA344;1;1,27
FRA345;1;5,682
FRA346;1;2,87
FRA347;1;6,152
FRA349;1;2,475
FRA350;1;2,655
FRA351;1;4,26
FRA352;1;10,24
FRA353;1;2,557
FRA354;1;2,97
FRA356;1;5,701
FRA357;1;2,94
FRA358;1;14,72
FRA359;1;3,327
FRA360;1;2,42
FRA363;1;11,8
FRA365;1;2,145
FRA366;1;2,576
FRA400;1;0,294
FRA401;1;2,06
FRA402;1;4,479
FRA403;1;1,778
FRA404;1;4,241
FRA405;1;0,51
FRA406;1;1,027
FRA407;1;2,421
FRA408;1;1,135
FRA001;2;4,8
FRA002;2;4,29
FRA003;2;5,94
FRA004;2;4,455
FRA005;2;6,958
FRA006;2;13,841
FRA007;2;5,966
FRA008;2;5,772
FRA009;2;19,12
FRA010;2;2,726
FRA011;2;12,925
FRA012;2;9,99
FRA013;2;7,863
FRA014;2;0,679
FRA015;2;3,337
FRA016;2;15,649
FRA017;2;3,506
FRA018;2;0,075
FRA019;2;6,215
FRA020;2;3,729
FRA021;2;6,657
FRA022;2;3,37
FRA023;2;7,349
FRA024;2;4,986
FRA025;2;7,824
FRA026;2;3,85
FRA027;2;4,95
FRA029;2;16,924
FRA030;2;7,839
FRA031;2;12,399
FRA032;2;6,66
FRA033;2;9,036
FRA034;2;13,669
FRA035;2;22,614
FRA036;2;36,094
FRA037;2;5,3
FRA038;2;5,764
FRA039;2;7,678
FRA041;2;11,45
FRA042;2;9,988
FRA043;2;10,42
FRA044;2;14,193
FRA045;2;12,652
FRA046;2;5,02
FRA047;2;9,24
FRA048;2;3,393
FRA049;2;2,5
FRA050;2;5,214
FRA051;2;18,523
FRA052;2;0,825
FRA053;2;4,488
FRA054;2;12,16
FRA055;2;4,5
FRA056;2;12,02
FRA057;2;6,516
FRA058;2;10,76
FRA059;2;6,233
FRA060;2;8,87
FRA062;2;0,811
FRA063;2;14,78
FRA064;2;24,248
FRA066;2;1,05
FRA068;2;5,274
FRA070;2;11,75
FRA071;2;4,564
FRA072;2;1,148
FRA073;2;7,907
FRA075;2;3,812
FRA076;2;4,096
FRA078;2;3,322
FRA079;2;2,24
FRA080;2;10,006
FRA082;2;8,82
FRA084;2;7,57
FRA085;2;2,15
FRA086;2;0,9
FRA087;2;4,597
FRA088;2;6,838
FRA089;2;4,54
FRA090;2;2,97
FRA091;2;4,62
FRA092;2;13,14
FRA093;2;6,054
FRA095;2;5,83
FRA096;2;3,764
FRA097;2;2,313
FRA098;2;13,857
FRA099;2;4,38
FRA100;2;7,63
FRA102;2;8,1
FRA103;2;2,406
FRA104;2;10,445
FRA105;2;6,704
FRA106;2;8,31
FRA107;2;6,673
FRA108;2;5,157
FRA109;2;3,603
FRA110;2;7,351
FRA111;2;11,421
FRA112;2;9,425
FRA113;2;2,486
FRA115;2;23,559
FRA116;2;14,219
FRA117;2;2,965
FRA118;2;5,04
FRA119;2;12
FRA120;2;1,266
FRA121;2;1,575
FRA190;2;3,65
FRA195;2;5,93
FRA197;2;2,832
FRA200;2;4,6
FRA201;2;13,101
FRA202;2;9,55
FRA203;2;7,365
FRA204;2;11,181
FRA205;2;9,85
FRA206;2;2,936
FRA207;2;1,034
FRA208;2;6,39
FRA209;2;1,79
FRA210;2;9,109
FRA211;2;1,867
FRA212;2;4,749
FRA215;2;6,915
FRA217;2;4,255
FRA218;2;3,64
FRA250;2;4,64
FRA251;2;1,46
FRA252;2;4,29
FRA253;2;3,96
FRA254;2;5,445
FRA255;2;5,28
FRA301;2;4,51
FRA302;2;7,85
FRA303;2;0,099
FRA304;2;4,939
FRA305;2;4,723
FRA307;2;2,305
FRA309;2;1,563
FRA310;2;3,227
FRA311;2;9,241
FRA312;2;15
FRA313;2;1,348
FRA314;2;1,34
FRA315;2;6,284
FRA316;2;2,741
FRA317;2;2,475
FRA318;2;4,128
FRA319;2;0,442
FRA320;2;2,45
FRA321;2;1,585
FRA322;2;3,265
FRA323;2;1,2
FRA324;2;6,341
FRA325;2;1,171
FRA327;2;1,75
FRA328;2;19,091
FRA329;2;2,24
FRA330;2;5,537
FRA331;2;7,538
FRA332;2;2,32
FRA333;2;2,32
FRA336;2;3,328
FRA337;2;5,15
FRA338;2;2,17
FRA339;2;0
FRA340;2;3,128
FRA342;2;4,214
FRA344;2;2,188
FRA345;2;4,302
FRA346;2;3,21
FRA347;2;6,206
FRA349;2;3,63
FRA350;2;2,839
FRA351;2;4,871
FRA352;2;9,25
FRA353;2;1,773
FRA354;2;3,135
FRA356;2;4,631
FRA357;2;3,578
FRA358;2;12,46
FRA359;2;3,398
FRA360;2;3,49
FRA363;2;4,98
FRA365;2;1,815
FRA366;2;1,716
FRA400;2;0,857
FRA401;2;2,02
FRA402;2;3,338
FRA403;2;1,804
FRA404;2;3,481
FRA406;2;0,744
FRA407;2;2,082
FRA408;2;1,145
FRA002;3;5,775
FRA003;3;7,92
FRA004;3;3,3
FRA005;3;12,213
FRA006;3;14,069
FRA007;3;5,62
FRA008;3;5,913
FRA009;3;14,708
FRA010;3;3,987
FRA011;3;17,185
FRA012;3;10,71
FRA013;3;6,351
FRA014;3;1,07
FRA015;3;4,606
FRA016;3;13,69
FRA017;3;7,462
FRA018;3;0,158
FRA019;3;4,088
FRA020;3;5,16
FRA021;3;6,758
FRA022;3;4,89
FRA023;3;8,916
FRA024;3;6,028
FRA025;3;8,058
FRA026;3;3,93
FRA027;3;3,375
FRA029;3;16,601
FRA030;3;7,981
FRA031;3;10,667
FRA032;3;11,78
FRA033;3;7,576
FRA034;3;14,465
FRA035;3;20,971
FRA036;3;36,71
FRA037;3;6,16
FRA038;3;7,916
FRA039;3;9,329
FRA041;3;11,69
FRA042;3;10,736
FRA043;3;13,895
FRA044;3;17,134
FRA045;3;14,204
FRA046;3;8,909
FRA047;3;10,555
FRA048;3;3,253
FRA049;3;2,95
FRA050;3;7,51
FRA051;3;17,003
FRA052;3;2,145
FRA053;3;7,315
FRA054;3;10,922
FRA055;3;4,5
FRA056;3;18,7
FRA057;3;10,331
FRA058;3;12,38
FRA059;3;6,743
FRA060;3;9,65
FRA063;3;17,54
FRA064;3;21,687
FRA066;3;6,27
FRA068;3;5,374
FRA070;3;8,96
FRA071;3;5,108
FRA072;3;1,455
FRA073;3;6,756
FRA075;3;4,388
FRA076;3;7,567
FRA078;3;3,739
FRA079;3;3,32
FRA080;3;9,397
FRA082;3;6,83
FRA083;3;0,66
FRA084;3;8,658
FRA085;3;1,27
FRA086;3;1,4
FRA087;3;4,545
FRA088;3;7,416
FRA089;3;5,37
FRA090;3;3,96
FRA091;3;6,27
FRA092;3;10,26
FRA093;3;7,205
FRA095;3;6,02
FRA096;3;2,275
FRA097;3;1,879
FRA098;3;15,379
FRA099;3;5,26
FRA100;3;8,91
FRA102;3;6,31
FRA103;3;5,211
FRA104;3;7,434
FRA105;3;8,698
FRA106;3;8,718
FRA107;3;8,07
FRA108;3;4,265
FRA109;3;4,518
FRA110;3;6,477
FRA111;3;13,881
FRA112;3;12,531
FRA113;3;2,269
FRA114;3;8,52
FRA115;3;29,628
FRA116;3;14,257
FRA117;3;5,115
FRA118;3;5,06
FRA119;3;12,8
FRA120;3;1,622
FRA121;3;1,471
FRA190;3;4,06
FRA195;3;3,018
FRA197;3;3,042
FRA200;3;4,165
FRA201;3;16,86
FRA202;3;8,95
FRA203;3;9,18
FRA204;3;13,25
FRA205;3;8,11
FRA206;3;4,635
FRA207;3;0,57
FRA208;3;9,36
FRA209;3;1,06
FRA210;3;11,35
FRA211;3;1,667
FRA212;3;5,003
FRA215;3;6,923
FRA217;3;4,405
FRA218;3;3,86
FRA250;3;4
FRA251;3;1,3
FRA252;3;3,3
FRA253;3;3,63
FRA254;3;6,27
FRA255;3;4,95
FRA301;3;4,009
FRA302;3;4,46
FRA303;3;0,265
FRA304;3;5,258
FRA305;3;5,107
FRA307;3;2,578
FRA309;3;1,215
FRA310;3;2,682
FRA311;3;5,77
FRA312;3;14,16
FRA313;3;1,637
FRA314;3;1,14
FRA315;3;4,32
FRA316;3;2,007
FRA317;3;3,135
FRA318;3;2,712
FRA319;3;0,572
FRA320;3;2,42
FRA321;3;0,85
FRA322;3;3,356
FRA323;3;1,2
FRA324;3;5,262
FRA325;3;1,407
FRA327;3;4,68
FRA328;3;18,632
FRA329;3;2,86
FRA330;3;5,22
FRA331;3;1,181
FRA332;3;2,557
FRA333;3;2,75
FRA335;3;8,94
FRA336;3;4,247
FRA337;3;7,495
FRA338;3;3,1
FRA339;3;2,87
FRA340;3;1,557
FRA342;3;5,032
FRA344;3;3,523
FRA345;3;3,457
FRA346;3;3,67
FRA347;3;6,711
FRA349;3;5,28
FRA350;3;2,023
FRA351;3;4,547
FRA352;3;12,81
FRA353;3;1,02
FRA354;3;4,125
FRA356;3;4,856
FRA357;3;3,25
FRA358;3;9,46
FRA359;3;3,216
FRA360;3;2,857
FRA363;3;10,06
FRA365;3;1,32
FRA366;3;1,075
FRA400;3;0,894
FRA401;3;1,08
FRA402;3;4,058
FRA403;3;1,326
FRA404;3;4,658
FRA406;3;0,857
FRA407;3;2,765
FRA408;3;1,385
FRA001;4;11,7612
FRA002;4;3,519
FRA003;4;3,345
FRA004;4;3,9204
FRA005;4;10,427
FRA006;4;10,819
FRA007;4;6,26
FRA008;4;6,695
FRA009;4;10,213
FRA010;4;3,9204
FRA011;4;7,128
FRA012;4;7,24
FRA013;4;7,184
FRA014;4;1,532
FRA015;4;3,976
FRA016;4;12,202
FRA017;4;8,064
FRA018;4;0,473
FRA019;4;3,556
FRA020;4;4,846
FRA021;4;6,001
FRA022;4;4,04
FRA023;4;10,1498
FRA024;4;5,4332
FRA025;4;9,545
FRA026;4;6,01
FRA027;4;3,6
FRA028;4;1,7766
FRA029;4;15,965
FRA030;4;5,822
FRA031;4;11,143
FRA032;4;12,24
FRA033;4;10,033
FRA034;4;9,093
FRA035;4;19,742
FRA036;4;31,205
FRA037;4;1,14
FRA038;4;6,462
FRA039;4;3,9204
FRA041;4;10,4
FRA042;4;12,013
FRA043;4;15,17
FRA044;4;16,245
FRA045;4;16,395
FRA046;4;4,455
FRA047;4;8,665
FRA048;4;4,359
FRA049;4;1,677
FRA051;4;8,78
FRA052;4;1,9736
FRA053;4;7,2
FRA054;4;10,89
FRA055;4;3,450000001
FRA056;4;11,18
FRA057;4;7,917
FRA058;4;7,28
FRA059;4;6,379
FRA060;4;10,4
FRA061;4;5,8806
FRA062;4;7,3062
FRA063;4;14,26
FRA064;4;26,765
FRA066;4;6,47
FRA068;4;5,734
FRA070;4;11,019
FRA071;4;4,65
FRA072;4;0,916
FRA073;4;5,21
FRA075;4;5,219
FRA076;4;5,21
FRA078;4;4,36
FRA079;4;2,592
FRA080;4;10,995
FRA082;4;6,16
FRA083;4;0,22
FRA084;4;10,428
FRA085;4;2,8035
FRA086;4;1,82
FRA087;4;6,776
FRA088;4;8,289
FRA089;4;5,66
FRA090;4;4,272
FRA091;4;3,712
FRA092;4;6,155
FRA093;4;7,023
FRA095;4;6,19
FRA096;4;2,529
FRA097;4;2,69
FRA098;4;14,012
FRA099;4;7,28
FRA100;4;7,32
FRA102;4;5,5
FRA103;4;6,015
FRA104;4;3,25
FRA105;4;5,083
FRA106;4;6,676
FRA107;4;5,457
FRA108;4;4,72
FRA109;4;4,45
FRA110;4;4,46
FRA111;4;5,91
FRA112;4;2,673
FRA113;4;2,809
FRA114;4;8,11
FRA115;4;28,33
FRA116;4;11,073
FRA117;4;4,41
FRA118;4;5,38
FRA119;4;12,8304
FRA120;4;1,145
FRA121;4;1,7
FRA186;4;0,89
FRA190;4;3,78
FRA195;4;4,71
FRA197;4;3,873
FRA200;4;5,8374
FRA201;4;16,28
FRA202;4;7,31
FRA203;4;1,9602
FRA204;4;13,15
FRA205;4;9,73
FRA206;4;3,518
FRA207;4;0,648
FRA208;4;9,7
FRA209;4;1,865
FRA210;4;11,17
FRA211;4;1,891
FRA212;4;2,579
FRA215;4;7,164
FRA217;4;5,755
FRA218;4;2,68
FRA250;4;1,12
FRA251;4;1,15
FRA252;4;6,237
FRA253;4;3,564
FRA254;4;6,5934
FRA255;4;6,237
FRA301;4;4,295
FRA302;4;5,75
FRA303;4;0
FRA304;4;4,716
FRA305;4;5,174
FRA306;4;0,45
FRA307;4;3
FRA309;4;1,065
FRA310;4;3,0294
FRA311;4;4,584
FRA312;4;14,03
FRA313;4;1,274
FRA314;4;1,44
FRA315;4;5,938
FRA316;4;1,9602
FRA317;4;2,485
FRA318;4;3,945
FRA320;4;2,16
FRA321;4;1,4256
FRA322;4;3,349
FRA323;4;6,4152
FRA324;4;2,2842
FRA325;4;3,232
FRA327;4;3,9204
FRA328;4;18,749
FRA329;4;3,54
FRA330;4;6,132
FRA332;4;3,573
FRA333;4;2,48
FRA336;4;4,8114
FRA337;4;4,2768
FRA338;4;2,94
FRA339;4;5,3
FRA340;4;5,011
FRA342;4;8,044
FRA344;4;1,27
FRA345;4;2,163
FRA346;4;3,55
FRA347;4;4,391
FRA349;4;3,259
FRA350;4;1,921
FRA351;4;3,91
FRA352;4;9,35
FRA353;4;2,549
FRA354;4;5,438
FRA356;4;2,48
FRA357;4;1,93
FRA358;4;11,84
FRA359;4;4,103
FRA360;4;5,003
FRA365;4;1,059
FRA366;4;1,6038
FRA400;4;1,4256
FRA401;4;1,56
FRA402;4;5,509
FRA403;4;1,702
FRA404;4;4,349
FRA406;4;0,7128
FRA407;4;1,24
FRA408;4;1,4256
FRA001;5;10,17
FRA002;5;4,773
FRA003;5;3,107
FRA004;5;3,78
FRA005;5;12,108
FRA006;5;11,07
FRA007;5;11,2
FRA008;5;6,918
FRA009;5;12,335
FRA010;5;4,6
FRA011;5;8,19
FRA012;5;9,35
FRA013;5;10,08
FRA014;5;2,88
FRA015;5;3,908
FRA016;5;13,487
FRA017;5;6,71
FRA018;5;0,293
FRA019;5;2,957
FRA020;5;4,328
FRA021;5;8,221
FRA022;5;5,08
FRA023;5;15,49
FRA024;5;5,6
FRA025;5;4,5
FRA026;5;4,43
FRA027;5;3,36
FRA028;5;3,42
FRA029;5;13,86
FRA030;5;5,811
FRA031;5;10,08
FRA032;5;5,96
FRA033;5;13,01
FRA034;5;8,67
FRA035;5;16,393
FRA036;5;38,11
FRA037;5;10,68
FRA038;5;7,122
FRA039;5;4,8
FRA041;5;10,49
FRA042;5;5,4
FRA043;5;15,371
FRA044;5;15,975
FRA045;5;17,69
FRA046;5;4,09
FRA047;5;8,961
FRA048;5;3,24
FRA049;5;3,229
FRA050;5;5,15
FRA051;5;8,7
FRA052;5;1,048
FRA053;5;6,48
FRA054;5;10,033
FRA055;5;5,94
FRA056;5;14,02
FRA057;5;13,012
FRA058;5;11,79
FRA059;5;6,367
FRA060;5;8,6
FRA061;5;7,13
FRA062;5;11,06
FRA063;5;11,34
FRA064;5;26,991
FRA066;5;6,57
FRA068;5;5,248
FRA070;5;12,45
FRA071;5;7,579
FRA072;5;2,411
FRA073;5;6,588
FRA075;5;8,04
FRA076;5;7,41
FRA078;5;3,46
FRA079;5;2,88
FRA080;5;12,944
FRA082;5;5,4
FRA083;5;1,42
FRA084;5;2,52
FRA085;5;2,01
FRA086;5;5,85
FRA087;5;7,15
FRA088;5;8,065
FRA089;5;5,2
FRA090;5;5,352
FRA091;5;5,068
FRA092;5;9,548
FRA095;5;6,76
FRA096;5;3,336
FRA097;5;3,54
FRA098;5;10,234
FRA099;5;5,58
FRA100;5;7,58
FRA102;5;8,5
FRA103;5;3,742
FRA104;5;6,26
FRA105;5;5,316
FRA106;5;10,544
FRA107;5;5,97
FRA108;5;4,163
FRA109;5;4,74
FRA110;5;4,94
FRA111;5;5,73
FRA112;5;4,98
FRA113;5;1,8
FRA115;5;28,17
FRA116;5;15,261
FRA117;5;3,655
FRA118;5;13,86
FRA119;5;14,62
FRA120;5;1,476
FRA121;5;2,218
FRA186;5;1,91
FRA190;5;3,07
FRA195;5;8,82
FRA197;5;3,306
FRA200;5;6,08
FRA201;5;16,62
FRA202;5;8,274
FRA203;5;4,45
FRA204;5;13,05
FRA205;5;11,194
FRA206;5;3,176
FRA207;5;0,64
FRA208;5;9,485
FRA209;5;1,42
FRA210;5;10,87
FRA211;5;1,537
FRA212;5;3,652
FRA215;5;1,44
FRA217;5;5,5
FRA218;5;2,26
FRA250;5;4,5
FRA251;5;1,81
FRA252;5;4,32
FRA253;5;3,6
FRA254;5;7,02
FRA255;5;5,04
FRA301;5;4,643
FRA302;5;6,02
FRA303;5;0
FRA304;5;4,477
FRA305;5;7,934
FRA307;5;2,76
FRA309;5;0,544
FRA310;5;3,38
FRA311;5;4,309
FRA312;5;13,16
FRA313;5;3,37
FRA314;5;2,02
FRA315;5;6,3
FRA316;5;3,54
FRA317;5;3,638
FRA318;5;5,398
FRA320;5;2,01
FRA321;5;0,72
FRA322;5;2,84
FRA323;5;4,8
FRA324;5;2,4
FRA325;5;3,322
FRA327;5;4,62
FRA328;5;18,557
FRA329;5;2,74
FRA330;5;3,6
FRA332;5;3,408
FRA333;5;3,09
FRA335;5;8,66
FRA336;5;5,69
FRA337;5;6,05
FRA338;5;1,44
FRA339;5;2,16
FRA340;5;5,27
FRA342;5;8,82
FRA344;5;1,47
FRA345;5;2,537
FRA346;5;3,45
FRA347;5;7,108
FRA349;5;3,803
FRA350;5;2,748
FRA351;5;3,7
FRA352;5;11,75
FRA353;5;3,526
FRA354;5;4,62
FRA356;5;1,84
FRA357;5;2,93
FRA358;5;10,38
FRA359;5;3,161
FRA365;5;2,169
FRA366;5;1,8
FRA400;5;1,8
FRA401;5;1,68
FRA402;5;4,552
FRA403;5;2,75
FRA404;5;6,23
FRA406;5;1,08
FRA407;5;1,4
FRA408;5;2,16
FRA001;6;9,9792
FRA002;6;5,579
FRA003;6;3,871
FRA004;6;3,96
FRA005;6;12,182
FRA006;6;9,0882
FRA007;6;8,586
FRA008;6;7,25
FRA009;6;13,479
FRA010;6;6,237
FRA011;6;8,019
FRA012;6;9,37
FRA013;6;8,64
FRA014;6;3,2076
FRA015;6;3,67
FRA016;6;12,809
FRA017;6;8,0109
FRA018;6;1,025
FRA019;6;3,985
FRA020;6;5,647
FRA021;6;8,378
FRA022;6;4,02
FRA023;6;7,237
FRA024;6;6,096
FRA025;6;2,7
FRA026;6;3,77
FRA027;6;3,36
FRA028;6;4,6953
FRA029;6;37,88
FRA030;6;8,781
FRA031;6;7,56
FRA032;6;9,78
FRA033;6;14,4342
FRA034;6;17,512
FRA035;6;16,77
FRA036;6;38,175
FRA037;6;6,5934
FRA038;6;6,193
FRA039;6;5,1678
FRA040;6;0,271
FRA041;6;11,13
FRA042;6;18
FRA043;6;21,61
FRA044;6;15,444
FRA045;6;12,14
FRA046;6;4,6332
FRA047;6;5,35
FRA048;6;3,24
FRA049;6;2,991
FRA050;6;3,36
FRA051;6;8,28
FRA052;6;1,754
FRA053;6;8,4
FRA054;6;12,657
FRA055;6;4,95
FRA056;6;9,89
FRA057;6;9,492
FRA058;6;12,07
FRA059;6;6,525
FRA060;6;11,37
FRA061;6;6,9498
FRA062;6;9,4446
FRA063;6;8,1
FRA064;6;23,305
FRA066;6;5,43
FRA068;6;6,854
FRA069;6;0,6345
FRA070;6;11,423
FRA071;6;8,307
FRA072;6;1,622
FRA073;6;5,071
FRA075;6;6,86
FRA076;6;9,85
FRA078;6;6,23
FRA079;6;2,172
FRA080;6;12,768
FRA082;6;3,6
FRA083;6;3,2076
FRA084;6;3,78
FRA085;6;2,6649
FRA086;6;2,68
FRA087;6;7,8408
FRA088;6;7,412
FRA089;6;4,42
FRA090;6;5,082
FRA091;6;4,348
FRA092;6;10,775
FRA093;6;3,44
FRA095;6;6,5
FRA096;6;2,492
FRA097;6;1,6
FRA098;6;13,032
FRA099;6;6,24
FRA100;6;9,95
FRA102;6;7,14
FRA103;6;3,557
FRA104;6;6,5
FRA105;6;5,836
FRA106;6;8,944
FRA107;6;4,494
FRA108;6;4,438
FRA109;6;5,34
FRA110;6;5,1
FRA111;6;3,74
FRA112;6;5,1678
FRA113;6;2,1384
FRA115;6;32,6
FRA116;6;14,491
FRA117;6;5,865
FRA118;6;11,88
FRA119;6;14,4342
FRA120;6;1,603
FRA121;6;1,221
FRA186;6;0,69
FRA190;6;5,32
FRA195;6;15,84
FRA197;6;3,099
FRA200;6;7,3062
FRA201;6;15,552
FRA202;6;8,247
FRA203;6;2,8512
FRA204;6;15,73
FRA205;6;10,84
FRA206;6;4,497
FRA207;6;0,7614
FRA208;6;11,645
FRA209;6;3,81
FRA210;6;15,32
FRA211;6;1,675
FRA212;6;3,491
FRA215;6;15,12
FRA217;6;6,28
FRA218;6;2,38
FRA250;6;4,49
FRA251;6;1,42
FRA252;6;0,899999997
FRA253;6;3,6
FRA254;6;6,300000005
FRA255;6;5,220000006
FRA301;6;3,519
FRA302;6;4,56
FRA303;6;0,2538
FRA304;6;4,995
FRA305;6;4,592
FRA306;6;0,288
FRA307;6;4,835
FRA309;6;0,327
FRA310;6;4,455
FRA311;6;7,154
FRA312;6;18,83
FRA313;6;2,673
FRA314;6;1,66
FRA315;6;8,1
FRA316;6;3,9204
FRA317;6;4,312
FRA318;6;3,909
FRA320;6;1,96
FRA321;6;1,0692
FRA322;6;3,044
FRA323;6;7,6626
FRA324;6;1,3959
FRA325;6;3,987
FRA327;6;5,5242
FRA328;6;20,428
FRA329;6;2,72
FRA330;6;7,2
FRA332;6;3,096
FRA333;6;2,62
FRA335;6;9,2
FRA336;6;4,9896
FRA337;6;5,5242
FRA338;6;0,72
FRA339;6;3,15
FRA340;6;5,5
FRA342;6;6,3
FRA344;6;0,94
FRA345;6;3,558
FRA346;6;2,66
FRA347;6;5,86
FRA349;6;3,733
FRA350;6;2,189
FRA351;6;8,79
FRA352;6;10,96
FRA353;6;2,832
FRA354;6;6,4152
FRA356;6;2,6
FRA357;6;2,48
FRA358;6;20,22
FRA359;6;4,248
FRA360;6;8,1
FRA365;6;1,277
FRA366;6;1,6038
FRA400;6;1,2474
FRA401;6;1,13
FRA402;6;5,378
FRA403;6;2,348
FRA404;6;6,237
FRA406;6;1,2474
FRA407;6;2,13
FRA408;6;1,4256
FRA001;7;10,5138
FRA002;7;6,221
FRA003;7;3,596
FRA004;7;5,04
FRA005;7;13,352
FRA006;7;7,8408
FRA007;7;9,28
FRA008;7;8,407
FRA009;7;11,446
FRA010;7;3,564
FRA011;7;8,91
FRA012;7;9,25
FRA013;7;10,08
FRA014;7;3,0294
FRA015;7;6,145
FRA016;7;13,491
FRA017;7;3,3858
FRA018;7;0,79
FRA019;7;3,351
FRA020;7;4,692
FRA021;7;6,713
FRA022;7;4,14
FRA023;7;5,4114
FRA024;7;4,1986
FRA025;7;5,14
FRA026;7;6,02
FRA027;7;4,32
FRA028;7;5,3298
FRA029;7;9,88
FRA030;7;6,804
FRA031;7;1,65
FRA032;7;8,44
FRA033;7;11,9394
FRA034;7;12,27
FRA035;7;16,781
FRA036;7;39,995
FRA037;7;3,9204
FRA038;7;6,372
FRA039;7;5,346
FRA041;7;9,69
FRA042;7;9,76
FRA043;7;16,977
FRA044;7;16,585
FRA045;7;16,46
FRA046;7;4,8114
FRA047;7;7,407
FRA048;7;0,72
FRA049;7;2,937
FRA050;7;6,3
FRA051;7;11,73
FRA052;7;2,259
FRA053;7;7,92
FRA054;7;10,146
FRA055;7;4,32
FRA056;7;11,44
FRA057;7;9,513
FRA058;7;9,6
FRA059;7;6,973
FRA060;7;8,9
FRA061;7;9,4446
FRA062;7;9,6228
FRA063;7;8,32
FRA064;7;24,124
FRA066;7;6,35
FRA068;7;6,776
FRA069;7;0,2538
FRA070;7;13,59
FRA071;7;4,492
FRA072;7;1,062
FRA073;7;5,595
FRA075;7;7,68
FRA076;7;10,8
FRA078;7;5,52
FRA079;7;2,527
FRA080;7;15,317
FRA082;7;7,2
FRA083;7;2,8512
FRA084;7;3,62
FRA085;7;3,0213
FRA086;7;5,09
FRA087;7;9,9792
FRA088;7;9,924
FRA089;7;5,45
FRA090;7;4,322
FRA091;7;4,473
FRA092;7;10,15
FRA093;7;8,82
FRA095;7;7,58
FRA096;7;2,85
FRA097;7;0,64
FRA098;7;16,531
FRA099;7;6,34
FRA100;7;6,85
FRA102;7;9,02
FRA103;7;2,599
FRA104;7;9,75
FRA105;7;3,853
FRA106;7;11,52
FRA107;7;5,219
FRA108;7;3,726
FRA109;7;5,04
FRA110;7;6,8
FRA111;7;6,88
FRA112;7;7,3062
FRA113;7;2,1384
FRA114;7;2,42
FRA115;7;32,745
FRA116;7;14,238
FRA117;7;5,124
FRA118;7;15,36
FRA119;7;12,2958
FRA120;7;1,359
FRA121;7;1,518
FRA186;7;1,81
FRA190;7;4,52
FRA195;7;6,78
FRA197;7;4,19
FRA200;7;4,0608
FRA201;7;16,84
FRA202;7;9,04
FRA203;7;2,4948
FRA204;7;13,263
FRA205;7;10,76
FRA206;7;2,801
FRA207;7;0,6345
FRA208;7;11,665
FRA209;7;2,599
FRA210;7;12,905
FRA211;7;2,192
FRA212;7;2,795
FRA215;7;5,42
FRA217;7;7,998
FRA218;7;2,03
FRA250;7;2,92
FRA251;7;0,79
FRA252;7;3,6
FRA253;7;2,52
FRA254;7;8,71
FRA255;7;7,56
FRA301;7;4,198
FRA302;7;4,58
FRA303;7;0
FRA304;7;3,06
FRA305;7;5,542
FRA306;7;0
FRA307;7;2,573
FRA309;7;0,203
FRA310;7;3,7422
FRA311;7;4,878
FRA312;7;14,46
FRA313;7;2,8512
FRA314;7;1,03
FRA315;7;4,54
FRA316;7;3,7422
FRA317;7;3,519
FRA318;7;2,872
FRA320;7;1,48
FRA321;7;1,4256
FRA322;7;4,143
FRA323;7;4,8114
FRA324;7;2,0304
FRA325;7;4,825
FRA327;7;4,0986
FRA328;7;17,887
FRA329;7;3,62
FRA330;7;0,91
FRA332;7;4,102
FRA333;7;1,16
FRA336;7;4,6332
FRA337;7;6,4152
FRA338;7;4,62
FRA339;7;7,38
FRA340;7;3,38
FRA342;7;0,33
FRA344;7;1,44
FRA345;7;0,345
FRA346;7;2,87
FRA347;7;6,33
FRA349;7;5,032
FRA350;7;2,219
FRA351;7;3,13
FRA352;7;9,78
FRA353;7;2,821
FRA354;7;5,7024
FRA356;7;1,8
FRA357;7;1,9
FRA358;7;11,56
FRA359;7;1,653
FRA360;7;8,1
FRA363;7;10,82
FRA365;7;1,645
FRA366;7;1,4256
FRA400;7;1,6038
FRA401;7;1,01
FRA402;7;6,7
FRA403;7;2,766
FRA404;7;7,128
FRA405;7;1,4256
FRA406;7;1,4256
FRA407;7;1,49
FRA408;7;1,6038
FRA001;8;11,4048
FRA002;8;4,752
FRA003;8;3,865
FRA004;8;7,920000004
FRA005;8;16,206
FRA006;8;7,3062
FRA007;8;10,32
FRA008;8;8,177
FRA009;8;14,35
FRA010;8;4,8114
FRA011;8;8,3754
FRA012;8;12,13
FRA013;8;11,52
FRA014;8;3,2076
FRA015;8;3,879
FRA016;8;13,905
FRA017;8;6,993
FRA018;8;0,555
FRA019;8;4,765
FRA020;8;4,401
FRA021;8;9,92
FRA022;8;6,73
FRA023;8;4,2768
FRA024;8;4,8114
FRA025;8;7,2
FRA026;8;4,73
FRA027;8;3,36
FRA028;8;5,8374
FRA029;8;8,64
FRA030;8;11,207
FRA031;8;10,94
FRA032;8;8,62
FRA033;8;13,0086
FRA034;8;16,314
FRA035;8;20,597
FRA036;8;36,561
FRA037;8;7,3062
FRA038;8;7,669
FRA039;8;4,6332
FRA041;8;8,24
FRA042;8;11,06
FRA043;8;15,916
FRA044;8;18,412
FRA045;8;16,547
FRA046;8;5,1678
FRA047;8;7,393
FRA048;8;3,6
FRA049;8;3,936
FRA050;8;8,4797
FRA051;8;11,52
FRA052;8;2,23
FRA053;8;8,16
FRA054;8;15,172
FRA055;8;5,4
FRA056;8;15,38
FRA057;8;9,556
FRA058;8;5,4
FRA059;8;8,072
FRA060;8;11,756
FRA061;8;9,4446
FRA062;8;9,801
FRA063;8;5,4
FRA064;8;24,541
FRA066;8;8
FRA068;8;7,564
FRA069;8;1,269
FRA070;8;13,854
FRA071;8;6,7
FRA072;8;1,719
FRA073;8;5,158
FRA075;8;6,75
FRA076;8;10,92
FRA078;8;5,58
FRA079;8;3,385
FRA080;8;15,569
FRA082;8;5,04
FRA083;8;4,2768
FRA084;8;2,34
FRA085;8;3,1725
FRA086;8;4,92559
FRA087;8;6,5664
FRA088;8;8,074
FRA089;8;4,04
FRA090;8;5,199
FRA091;8;5,376
FRA092;8;11,844
FRA093;8;3,42
FRA095;8;6,34
FRA096;8;3,222
FRA097;8;0,16
FRA098;8;16,917
FRA099;8;3,54
FRA100;8;11,25
FRA102;8;7,3
FRA103;8;5,257
FRA104;8;6,86
FRA105;8;4,155
FRA106;8;10,913
FRA107;8;9,807
FRA108;8;5,252
FRA109;8;5
FRA110;8;5,78
FRA111;8;6,84977
FRA112;8;6,9498
FRA113;8;3,3858
FRA114;8;13,64
FRA115;8;29,924
FRA116;8;17,169
FRA117;8;4,724
FRA118;8;13,76
FRA119;8;14,0778
FRA120;8;1,596
FRA121;8;2,546
FRA186;8;0,7
FRA190;8;5,65
FRA195;8;3,78
FRA197;8;3,738
FRA200;8;5,2029
FRA201;8;16,699
FRA202;8;8,83
FRA203;8;2,673
FRA204;8;15,849
FRA205;8;9,03
FRA206;8;2,668
FRA207;8;0,7614
FRA208;8;10,546
FRA209;8;4,785
FRA210;8;14,977
FRA211;8;1,813
FRA212;8;4,404
FRA215;8;5,58
FRA217;8;7,567
FRA218;8;2,11
FRA250;8;4,09027
FRA251;8;1,92915
FRA252;8;5,399999995
FRA253;8;3,78
FRA254;8;9,9
FRA255;8;7,560000006
FRA301;8;4,585
FRA302;8;7,93
FRA304;8;5,007
FRA305;8;6,742
FRA307;8;4,644
FRA310;8;2,8512
FRA311;8;6,449
FRA312;8;16,54
FRA313;8;3,564
FRA314;8;1,62
FRA315;8;3,78
FRA316;8;3,564
FRA317;8;2,795
FRA318;8;3,951
FRA320;8;2,71
FRA321;8;1,2474
FRA322;8;3,481
FRA323;8;4,0986
FRA324;8;1,1421
FRA325;8;4,542
FRA327;8;5,1678
FRA328;8;18,107
FRA329;8;2,34
FRA330;8;5,02
FRA332;8;4,407
FRA333;8;2,31
FRA335;8;10,24
FRA336;8;4,6332
FRA337;8;5,5242
FRA338;8;2,8
FRA339;8;8,96
FRA340;8;4,2
FRA342;8;3,42
FRA344;8;1,02
FRA345;8;1,246
FRA346;8;5,31
FRA347;8;7,718
FRA349;8;4,104
FRA350;8;2,193
FRA351;8;10,53
FRA352;8;13,24
FRA353;8;3,839
FRA354;8;4,8114
FRA356;8;3,3
FRA357;8;3,28
FRA358;8;8,44
FRA360;8;5,12
FRA363;8;6,34
FRA365;8;1,447
FRA366;8;1,9602
FRA400;8;2,1384
FRA401;8;1,22
FRA402;8;4,797
FRA403;8;4,253
FRA404;8;6,4044
FRA405;8;1,2474
FRA406;8;1,2474
FRA407;8;1,41
FRA408;8;1,6038
FRA001;9;11,9394
FRA002;9;4,124
FRA003;9;5,807
FRA004;9;4,499999998
FRA005;9;14,916
FRA006;9;8,7318
FRA007;9;9,85
FRA008;9;8,863
FRA009;9;16,418
FRA010;9;4,8114
FRA011;9;7,128
FRA012;9;10,52
FRA013;9;8,64
FRA014;9;2,4948
FRA015;9;6,2
FRA016;9;11,952
FRA017;9;8,289
FRA018;9;0,214
FRA019;9;3,536
FRA020;9;8,973
FRA021;9;10,782
FRA022;9;6,49
FRA023;9;5,5242
FRA024;9;5,1678
FRA025;9;8,1
FRA026;9;8,38
FRA027;9;3,6
FRA028;9;6,345
FRA029;9;38,88
FRA030;9;9,152
FRA031;9;16,38
FRA032;9;8,6
FRA033;9;14,0778
FRA034;9;14,118
FRA035;9;21,453
FRA036;9;43,876
FRA037;9;6,4152
FRA038;9;5,796
FRA039;9;5,1678
FRA041;9;8,55
FRA042;9;32,4
FRA043;9;15,493
FRA044;9;13,35
FRA045;9;11,92
FRA046;9;5,1678
FRA047;9;6,19
FRA048;9;7,56
FRA049;9;3,035
FRA050;9;8,3
FRA051;9;10,26
FRA052;9;1,957
FRA053;9;8,16
FRA054;9;19,367
FRA055;9;5,58
FRA056;9;11,08
FRA057;9;9,367
FRA058;9;12,45
FRA059;9;5,523
FRA060;9;7,781
FRA061;9;10,5138
FRA062;9;8,1972
FRA063;9;12,96
FRA064;9;23,529
FRA066;9;8,1
FRA068;9;9,225
FRA069;9;0,8883
FRA070;9;13,75
FRA071;9;8,216
FRA072;9;1,526
FRA073;9;4,967
FRA075;9;7,45
FRA076;9;7,36
FRA078;9;4,45
FRA079;9;2,163
FRA080;9;15,797
FRA082;9;8,1
FRA083;9;2,3166
FRA084;9;3,78
FRA085;9;4,1877
FRA086;9;5,26
FRA087;9;9,9495
FRA088;9;7,855
FRA089;9;7,02
FRA090;9;6,351
FRA091;9;3,802
FRA092;9;11,962
FRA093;9;11,34
FRA095;9;6,89
FRA096;9;2,663
FRA097;9;0,26
FRA098;9;15,482
FRA099;9;3,94
FRA100;9;7,6
FRA102;9;1,58
FRA103;9;2,885
FRA104;9;7,48
FRA105;9;3,571
FRA106;9;9,047
FRA107;9;6,701
FRA108;9;4,529
FRA109;9;5,26
FRA110;9;6,68
FRA111;9;9,31852
FRA112;9;5,8806
FRA113;9;3,3858
FRA114;9;15,45
FRA115;9;36,08
FRA116;9;16,324
FRA117;9;4,638
FRA118;9;17,82
FRA119;9;14,4342
FRA120;9;1,486
FRA121;9;1,969
FRA186;9;0,27
FRA190;9;4,98
FRA195;9;15,84
FRA197;9;3,84
FRA200;9;5,3298
FRA201;9;17,386
FRA202;9;7,75
FRA203;9;2,3166
FRA204;9;13,868
FRA205;9;11,48
FRA206;9;3,659
FRA207;9;0,8883
FRA208;9;8,715
FRA209;9;5,866
FRA210;9;14,562
FRA211;9;2,366
FRA212;9;4,192
FRA215;9;19,44
FRA217;9;7,814
FRA218;9;3,88
FRA250;9;3,65785
FRA251;9;1,37
FRA252;9;3,239999997
FRA253;9;2,7
FRA254;9;5,580000006
FRA255;9;5,040000004
FRA301;9;4,864
FRA302;9;5,68
FRA304;9;6,467
FRA305;9;5,443
FRA307;9;5,942
FRA310;9;3,7422
FRA311;9;8,14
FRA312;9;17,62
FRA313;9;1,782
FRA314;9;2,11
FRA315;9;7,2
FRA316;9;4,2768
FRA317;9;3,105
FRA318;9;4,521
FRA320;9;2,42
FRA321;9;0,7128
FRA322;9;4,099
FRA323;9;4,2768
FRA324;9;1,3959
FRA325;9;3,89
FRA327;9;6,0588
FRA328;9;21,71
FRA329;9;4,38
FRA330;9;12,6
FRA332;9;4,475
FRA333;9;1,04
FRA334;9;4,556
FRA335;9;9,36
FRA336;9;4,9896
FRA337;9;5,346
FRA338;9;3,24
FRA339;9;8,98
FRA340;9;6,36
FRA342;9;10,08
FRA344;9;2,38
FRA345;9;3,71
FRA346;9;4,62
FRA347;9;5,408
FRA349;9;5,372
FRA350;9;2,378
FRA351;9;4,15
FRA352;9;9,88
FRA353;9;2,946
FRA354;9;4,2768
FRA356;9;4,12
FRA357;9;2,7
FRA358;9;9,4
FRA360;9;9
FRA363;9;14,41
FRA365;9;2,49
FRA366;9;1,6038
FRA400;9;1,2474
FRA401;9;1,94
FRA402;9;5,429
FRA403;9;2,774
FRA404;9;6,6582
FRA405;9;1,4256
FRA406;9;1,782
FRA407;9;1,67
FRA408;9;1,4256
FRA001;10;10,1574
FRA002;10;4,234
FRA003;10;4,822
FRA004;10;9,900000006
FRA005;10;11,139
FRA006;10;8,1972
FRA007;10;6,52
FRA008;10;6,394
FRA009;10;8,95
FRA010;10;4,455
FRA011;10;9,0882
FRA012;10;8,88
FRA013;10;8,375
FRA014;10;2,4948
FRA015;10;4,402
FRA016;10;11,937
FRA017;10;5,8995
FRA019;10;3,2
FRA020;10;5,236
FRA021;10;6,982
FRA022;10;7,3
FRA023;10;5,346
FRA024;10;4,0986
FRA025;10;13,544
FRA026;10;7,92
FRA027;10;4,32
FRA028;10;6,2181
FRA029;10;19,958
FRA030;10;7,278
FRA031;10;16,575
FRA032;10;6,44
FRA033;10;12,3
FRA034;10;14,424
FRA035;10;18,996
FRA036;10;33,374
FRA037;10;6,5934
FRA038;10;4,998
FRA039;10;4,6332
FRA040;10;1,867
FRA041;10;8,98
FRA042;10;11,227
FRA043;10;12,925
FRA044;10;11,39
FRA045;10;9,694
FRA046;10;3,9204
FRA047;10;4,679
FRA048;10;6,593
FRA049;10;2,504
FRA051;10;8,94
FRA052;10;1,101
FRA053;10;6,48
FRA054;10;14,627
FRA055;10;3,96
FRA056;10;9,76
FRA057;10;8,118
FRA058;10;11,18
FRA059;10;5,01
FRA060;10;7,694
FRA061;10;9,0882
FRA062;10;9,0882
FRA063;10;16,038
FRA064;10;20,357
FRA066;10;5,05
FRA068;10;8,12
FRA069;10;0,1269
FRA070;10;12,138
FRA071;10;4,378
FRA072;10;2,501
FRA073;10;3,682
FRA075;10;7,54
FRA076;10;7,52
FRA078;10;3,34
FRA079;10;1,032
FRA080;10;9,583
FRA082;10;7,485
FRA083;10;2,4948
FRA084;10;4,811
FRA085;10;4,455
FRA086;10;5,96
FRA087;10;7,26
FRA088;10;8,506
FRA089;10;7,68
FRA090;10;3,464
FRA091;10;4,167
FRA092;10;10,99
FRA093;10;6,772
FRA095;10;9,63
FRA096;10;4,331
FRA097;10;0,46
FRA098;10;11,254
FRA099;10;2,44
FRA100;10;6,52
FRA102;10;2,88
FRA103;10;4,54
FRA104;10;7,6
FRA105;10;3,756
FRA106;10;8,262
FRA107;10;4,89
FRA108;10;4,482
FRA109;10;3,88
FRA110;10;4,7
FRA112;10;6,0588
FRA113;10;2,1384
FRA114;10;11,04
FRA115;10;26,509
FRA116;10;13,725
FRA117;10;4,339
FRA118;10;16,038
FRA119;10;13,5432
FRA120;10;0,964
FRA121;10;1,986
FRA186;10;0,52
FRA190;10;3,64
FRA195;10;13,543
FRA197;10;2,471
FRA200;10;4,8222
FRA201;10;14,086
FRA202;10;5,9
FRA203;10;2,8512
FRA204;10;12,027
FRA205;10;8,11
FRA206;10;2,403
FRA207;10;0,3807
FRA208;10;10,56
FRA209;10;3,902
FRA210;10;21,444
FRA211;10;1,866
FRA212;10;2,925
FRA215;10;11,403
FRA217;10;6,558
FRA218;10;3,16
FRA252;10;4,139999994
FRA253;10;4,32
FRA254;10;9,540000002
FRA255;10;6,839999998
FRA301;10;4,501
FRA302;10;7,02
FRA304;10;2,663
FRA305;10;4,81
FRA307;10;2,98
FRA310;10;3,9204
FRA311;10;7,662
FRA312;10;12,56
FRA313;10;1,2474
FRA314;10;1,98
FRA315;10;6,772
FRA316;10;4,455
FRA317;10;2,75
FRA318;10;3,541
FRA320;10;3,31
FRA321;10;0,891
FRA322;10;2,632
FRA323;10;4,0986
FRA324;10;1,3959
FRA325;10;3,291
FRA327;10;6,7716
FRA328;10;16,147
FRA329;10;3,56
FRA330;10;6,416
FRA332;10;2,728
FRA334;10;2,986
FRA335;10;10,84
FRA336;10;4,8114
FRA337;10;5,5242
FRA338;10;2,85
FRA339;10;8,64
FRA340;10;4,54
FRA342;10;6,949
FRA344;10;0,4
FRA345;10;2,621
FRA346;10;4,9
FRA347;10;4,274
FRA349;10;3,605
FRA350;10;2,36
FRA351;10;3,66
FRA352;10;11,27
FRA353;10;4,016
FRA354;10;2,52
FRA356;10;3,3
FRA357;10;2,46
FRA358;10;10,2
FRA359;10;2,161
FRA360;10;4,811
FRA363;10;3,1
FRA365;10;2,062
FRA366;10;2,1384
FRA400;10;1,4256
FRA401;10;3,11
FRA402;10;4,543
FRA403;10;2,572
FRA404;10;6,939
FRA405;10;1,782
FRA406;10;1,4256
FRA407;10;1,83
FRA408;10;1,9602
FRA001;11;7,6626
FRA002;11;6,195
FRA003;11;6,144
FRA004;11;6,48
FRA005;11;11,751
FRA006;11;8,7318
FRA007;11;8,99
FRA008;11;6,827
FRA009;11;14,404
FRA010;11;5,1678
FRA011;11;8,7318
FRA012;11;8,2
FRA013;11;8,3754
FRA014;11;3,2076
FRA015;11;4,377
FRA016;11;9,969
FRA017;11;8,4429
FRA018;11;0,153
FRA019;11;2,336
FRA020;11;4,543
FRA021;11;7,532
FRA022;11;8,46
FRA023;11;7,3062
FRA024;11;4,9896
FRA025;11;12,6522
FRA026;11;6,78
FRA027;11;4,08
FRA028;11;5,3298
FRA029;11;17,82
FRA030;11;8,038
FRA031;11;12,6522
FRA032;11;8,36
FRA033;11;11,0484
FRA034;11;18,139
FRA035;11;19,873
FRA036;11;35,509
FRA037;11;6,0588
FRA038;11;6,37
FRA039;11;3,7422
FRA040;11;3,342
FRA041;11;8,83
FRA042;11;12,1176
FRA043;11;14,245
FRA044;11;16,153
FRA045;11;12,534
FRA046;11;5,1678
FRA047;11;6,071
FRA048;11;5,5242
FRA049;11;2,752
FRA051;11;7,9
FRA052;11;1,89
FRA053;11;5,52
FRA054;11;16,288
FRA055;11;5,04
FRA056;11;12,34
FRA057;11;10,03
FRA058;11;9,14
FRA059;11;6,432
FRA060;11;8,261
FRA061;11;7,6626
FRA062;11;7,4844
FRA063;11;14,6124
FRA064;11;20,26
FRA066;11;9,13
FRA068;11;7,525
FRA070;11;12,289
FRA071;11;5,605
FRA072;11;1,799
FRA073;11;6,001
FRA074;11;0,974
FRA075;11;8,47
FRA076;11;6,65
FRA077;11;0,41
FRA078;11;3,43
FRA079;11;2,237
FRA080;11;7,87
FRA082;11;5,5242
FRA083;11;1,9602
FRA084;11;5,1678
FRA085;11;3,8944
FRA086;11;14,46
FRA087;11;6,9984
FRA088;11;8,447
FRA089;11;7
FRA090;11;5,134
FRA091;11;3,461
FRA092;11;11,643
FRA093;11;6,4152
FRA095;11;8,76
FRA096;11;3,458
FRA097;11;0,82
FRA098;11;15,34
FRA099;11;2,6
FRA100;11;9,27
FRA102;11;3,24
FRA103;11;5,254
FRA104;11;6,3
FRA105;11;3,797
FRA106;11;8,964
FRA107;11;2,947
FRA108;11;4,93
FRA109;11;4,36
FRA110;11;5,64
FRA112;11;5,346
FRA113;11;3,0294
FRA114;11;9,56
FRA115;11;23,2
FRA116;11;12,386
FRA117;11;3,561
FRA118;11;21,9186
FRA119;11;10,692
FRA120;11;1,43
FRA121;11;1,563
FRA186;11;0
FRA190;11;5,02
FRA195;11;9,0882
FRA197;11;2,693
FRA200;11;4,6953
FRA201;11;15,654
FRA202;11;7,794
FRA203;11;2,4948
FRA204;11;11,743
FRA205;11;11,614
FRA206;11;2,194
FRA207;11;0,6345
FRA208;11;8,985
FRA209;11;3,309
FRA210;11;10,787
FRA211;11;2,626
FRA212;11;4,583
FRA215;11;6,4152
FRA217;11;6,189
FRA218;11;1,99
FRA252;11;4,86
FRA253;11;3,6
FRA254;11;8,64
FRA255;11;5,4
FRA301;11;5,298
FRA302;11;6,21
FRA303;11;0,5076
FRA304;11;3,901
FRA305;11;4,724
FRA306;11;0
FRA307;11;2,738
FRA310;11;3,7422
FRA311;11;7,756
FRA312;11;14,42
FRA313;11;1,782
FRA314;11;2,04
FRA315;11;3,0294
FRA316;11;3,2076
FRA317;11;2,774
FRA318;11;4,822
FRA320;11;3,97
FRA321;11;0,7128
FRA322;11;3,724
FRA323;11;5,8806
FRA324;11;1,5228
FRA325;11;3,94
FRA327;11;6,7716
FRA328;11;16,878
FRA329;11;2,02
FRA330;11;3,7422
FRA331;11;3,198
FRA332;11;1,911
FRA334;11;2,807
FRA335;11;9,02
FRA336;11;5,5242
FRA337;11;4,455
FRA338;11;5,346
FRA339;11;5,39
FRA340;11;4,5
FRA342;11;6,4152
FRA344;11;0,92
FRA345;11;1,748
FRA346;11;6,2
FRA347;11;6,358
FRA349;11;3,415
FRA350;11;2,181
FRA351;11;3,61
FRA352;11;13,6
FRA353;11;3,387
FRA354;11;2,8512
FRA356;11;3,44
FRA357;11;2,58
FRA358;11;8,72
FRA359;11;2,955
FRA360;11;5,1678
FRA363;11;5,54
FRA365;11;2,929
FRA366;11;1,6038
FRA400;11;1,4256
FRA401;11;0,98
FRA402;11;4,151
FRA403;11;2,703
FRA404;11;7,8543
FRA405;11;1,2474
FRA406;11;1,4256
FRA407;11;1,97
FRA408;11;1,6038
FRA001;12;11,2266
FRA002;12;5,887
FRA003;12;6,865
FRA004;12;5,4
FRA005;12;14,73
FRA006;12;7,4844
FRA007;12;8,74
FRA008;12;7,454
FRA009;12;13,379
FRA010;12;4,8114
FRA011;12;8,7318
FRA012;12;9,8
FRA013;12;6,7716
FRA014;12;3,2076
FRA015;12;6,423
FRA016;12;15,27
FRA017;12;8,5698
FRA018;12;0,331
FRA019;12;3,531
FRA020;12;6,563
FRA021;12;9,06
FRA022;12;8,06
FRA023;12;8,019
FRA024;12;4,9896
FRA025;12;13,365
FRA026;12;11,54
FRA027;12;6
FRA028;12;5,7105
FRA029;12;14,0778
FRA030;12;7,884
FRA031;12;12,474
FRA032;12;6,54
FRA033;12;11,583
FRA034;12;12,85
FRA035;12;20,681
FRA036;12;46,646
FRA037;12;5,5242
FRA038;12;6,856
FRA039;12;4,9896
FRA040;12;2,044
FRA041;12;10,59
FRA042;12;15,147
FRA043;12;15,64
FRA044;12;20,52
FRA045;12;14,963
FRA046;12;4,8114
FRA047;12;6,058
FRA048;12;5,7024
FRA049;12;3,388
FRA051;12;9,28
FRA052;12;1,677
FRA053;12;7,68
FRA054;12;18,388
FRA055;12;5,76
FRA056;12;11,36
FRA057;12;8,053
FRA058;12;8,6
FRA059;12;6,082
FRA060;12;6,693
FRA061;12;9,4446
FRA062;12;8,5536
FRA063;12;12,8304
FRA064;12;20,905
FRA066;12;2,99
FRA068;12;9,132
FRA069;12;0,2538
FRA070;12;17,82
FRA071;12;6,746
FRA072;12;1,917
FRA073;12;4,412
FRA074;12;5,049
FRA075;12;7,48
FRA076;12;8,32
FRA078;12;4,97
FRA079;12;2,803
FRA080;12;10,854
FRA082;12;4,2768
FRA083;12;3,564
FRA084;12;5,7024
FRA085;12;4,1472
FRA086;12;15,43
FRA087;12;10,3815
FRA088;12;11,197
FRA089;12;5,83
FRA090;12;6,017
FRA091;12;3,26
FRA092;12;10,741
FRA093;12;6,4152
FRA095;12;3,02
FRA096;12;3,118
FRA097;12;0,58
FRA098;12;15,021
FRA099;12;3,92
FRA100;12;7,53
FRA102;12;5,88
FRA103;12;4,085
FRA104;12;7,32
FRA105;12;3,521
FRA106;12;8,423
FRA108;12;4,775
FRA109;12;5,12
FRA110;12;5,64
FRA112;12;4,0986
FRA113;12;3,564
FRA114;12;9,03
FRA115;12;30,616
FRA116;12;11,758
FRA117;12;4,136
FRA118;12;21,384
FRA119;12;13,5432
FRA120;12;1,789
FRA121;12;1,561
FRA186;12;0,23
FRA190;12;4,2
FRA195;12;11,7612
FRA197;12;4,561
FRA200;12;5,7105
FRA201;12;17,913
FRA202;12;6,97
FRA203;12;3,2076
FRA204;12;15,024
FRA205;12;9,52
FRA206;12;3,664
FRA207;12;0,8883
FRA208;12;10,286
FRA209;12;4,807
FRA210;12;15,919
FRA211;12;3,71
FRA212;12;3,409
FRA215;12;10,8702
FRA217;12;7,265
FRA218;12;2,85
FRA252;12;5,04
FRA253;12;3,96
FRA254;12;8,28
FRA255;12;6,48
FRA301;12;3,812
FRA302;12;6,25
FRA304;12;3,248
FRA305;12;5,069
FRA306;12;0,24
FRA307;12;4,487
FRA309;12;0,387
FRA310;12;4,9896
FRA311;12;8,086
FRA312;12;18,54
FRA313;12;1,2474
FRA314;12;1,64
FRA315;12;5,1678
FRA316;12;3,9204
FRA317;12;2,518
FRA318;12;4,829
FRA320;12;3,08
FRA321;12;0,7128
FRA322;12;4,391
FRA323;12;6,7716
FRA324;12;1,7766
FRA325;12;3,004
FRA327;12;6,4152
FRA328;12;16,977
FRA329;12;3,4
FRA330;12;5,346
FRA331;12;3,747
FRA332;12;3,886
FRA333;12;0,71
FRA334;12;3,75
FRA336;12;4,9896
FRA337;12;6,0588
FRA338;12;5,1678
FRA339;12;5,42
FRA340;12;4,34
FRA342;12;1,9602
FRA344;12;1,72
FRA345;12;2,368
FRA346;12;5,23
FRA347;12;3,628
FRA349;12;4,502
FRA350;12;2,629
FRA351;12;3,47
FRA352;12;10,06
FRA353;12;2,854
FRA354;12;4,0986
FRA356;12;5,06
FRA357;12;2,71
FRA358;12;19,66
FRA359;12;3,917
FRA360;12;5,1678
FRA363;12;4,82
FRA365;12;1,711
FRA366;12;1,9602
FRA400;12;1,4256
FRA401;12;2,03
FRA402;12;5,841
FRA403;12;2,712
FRA404;12;7,8543
FRA405;12;1,4256
FRA406;12;1,4256
FRA407;12;1,86
FRA408;12;1,782
FRPA01;1;5,3
FRPA13;1;9,139
FRPA36;1;2,31
FRPA69;1;5,04
FRPA94;1;4,963
FRPACX;1;3,15
FRPADB;1;2,838
FRPADI;1;2,035
FRPAEA;1;3,627
FRPAEU;1;1,331
FRPAFS;1;0,885
FRPAFT;1;1,946
FRPAFW;1;1,042
FRPAFX;1;1,2
FRPAGC;1;2,37
FRPAGD;1;0,4
FRPAGF;1;1,535
FRPAGG;1;2,789
FRPAH3;1;1,429
FRPAHP;1;0,66
FRPAI3;1;2,712
FRPAIP;1;2,4
FRPAIR;1;3,96
FRPAIX;1;1,296
FRPAIZ;1;3,19
FRPAJW;1;0,959
FRPAKC;1;3,82
FRPAKF;1;2,794
FRPAKG;1;0,455
FRPAKH;1;3,35
FRPAKX;1;2,455
FRPAM2;1;2,64
FRPAM3;1;2,186
FRPAM7;1;1,477
FRPAME;1;1,9
FRPAMK;1;5,883
FRPAN6;1;2,834
FRPAP1;1;6,15
FRPASF;1;0,977
FRPAWI;1;1,628
FRPB30;1;2,48
FRPB66;1;1,897
FRPBB3;1;1,6
FRPBB4;1;6,827
FRPBB6;1;0,551
FRPC23;1;2,443
FRPC48;1;5,545
FRPC83;1;0,834
FRPCC1;1;1,429
FRPCFI;1;2,233
FRPCGD;1;4,125
FRPCGE;1;3,3
FRPCGF;1;3,3
FRPCGP;1;4,785
FRPCIP;1;2,862
FRPD28;1;2,644
FRPD45;1;5,1
FRPD55;1;1,642
FRPD56;1;3,283
FRPD83;1;2,992
FRPD84;1;2,159
FRPD89;1;5,591
FRPD93;1;6,335
FRPD98;1;1,284
FRPE01;1;4,181
FRPE15;1;1,114
FRPE16;1;2,066
FRPE18;1;2,96
FRPE19;1;1,776
FRPE20;1;4,374
FRPE26;1;1,451
FRPE27;1;3,357
FRPE28;1;0,28
FRPE35;1;1,054
FRPE36;1;3,286
FRPE38;1;0,342
FRPE47;1;3,186
FRPE52;1;3,215
FRPE53;1;4,632
FRPE56;1;3,95
FRPE64;1;0,495
FRPE70;1;2,588
FRPE74;1;3,703
FRPE75;1;11,071
FRPE78;1;6,284
FRPE89;1;8,87
FRPE90;1;2,642
FRPE95;1;3,076
FRPE96;1;1,166
FRPE98;1;1,118
FRPF03;1;1,987
FRPF04;1;1,51
FRPF08;1;2,56
FRPF12;1;1,54
FRPF13;1;3,948
FRPF19;1;2,567
FRPF24;1;1,325
FRPF26;1;4,167
FRPF30;1;4,155
FRPF49;1;1,43
FRPF50;1;4,98
FRPF58;1;2,47
FRPF59;1;2,461
FRPF64;1;2,307
FRPF67;1;4,091
FRPF69;1;1,695
FRPF70;1;3,732
FRPF71;1;2,055
FRPF72;1;0,4
FRPF74;1;3,59
FRPF79;1;3,47
FRPF80;1;3,07
FRPF81;1;1
FRPF82;1;2,953
FRPF84;1;2,287
FRPF85;1;2,958
FRPF89;1;3,634
FRPG01;1;1,98
FRPG02;1;2,167
FRPG13;1;3,7
FRPG15;1;1,962
FRPG17;1;0,66
FRPG23;1;1,08
FRPG25;1;0,639
FRPG29;1;2,87
FRPG30;1;1,394
FRPG31;1;2,885
FRPG33;1;2,491
FRPG35;1;3,749
FRPG37;1;1,685
FRPG40;1;6,453
FRPG41;1;1,892
FRPG42;1;2,885
FRPG53;1;3,066
FRPG54;1;2,51
FRPG59;1;1,99
FRPG63;1;4,005
FRPG72;1;4,258
FRPG73;1;2,352
FRPG77;1;3,1
FRPG78;1;2,13
FRPG81;1;1,32
FRPG84;1;1,949
FRPG88;1;2,28
FRPG93;1;2,59
FRPG94;1;0,852
FRPH02;1;2,763
FRPH03;1;2,12
FRPH07;1;4,939
FRPH11;1;6,334
FRPH15;1;3,545
FRPH21;1;4,483
FRPH22;1;3,312
FRPH23;1;2,6
FRPH25;1;1,84
FRPH26;1;4,673
FRPH28;1;1,64
FRPH30;1;1,263
FRPH38;1;1,259
FRPH43;1;0,317
FRPH46;1;2,9
FRPH47;1;3,365
FRPH48;1;1,925
FRPH49;1;2,178
FRPH50;1;2,623
FRPH51;1;4,124
FRPH58;1;2,026
FRPH60;1;1,2
FRPH61;1;1,556
FRPH64;1;2,498
FRPH65;1;3,22
FRPH69;1;1,45
FRPH75;1;1,95
FRPH77;1;2,54
FRPH81;1;5,61
FRPH84;1;0,82
FRPH93;1;5,936
FRPH94;1;0,62
FRPH95;1;4,738
FRPH96;1;1,512
FRPH97;1;1,59
FRPI02;1;1,467
FRPI04;1;1,7
FRPI08;1;4,168
FRPI10;1;6,473
FRPI11;1;3,01
FRPI12;1;1,91
FRPI14;1;3,633
FRPI15;1;3,48
FRPI16;1;9,9
FRPI17;1;1,89
FRPI18;1;1,959
FRPI20;1;2,215
FRPI21;1;4,577
FRPI24;1;1,148
FRPI33;1;1,019
FRPI34;1;2,838
FRPI35;1;2,736
FRPI38;1;2,591
FRPI39;1;3,57
FRPI40;1;2,737
FRPI43;1;1,7
FRPI47;1;1,842
FRPI48;1;1,54
FRPI51;1;3,44
FRPI56;1;0,217
FRPI58;1;0,718
FRPI59;1;2,841
FRPI61;1;1,815
FRPI71;1;2,383
FRPI72;1;1,729
FRPI73;1;2,33
FRPI79;1;1,146
FRPI82;1;3,971
FRPI87;1;1,96
FRPI95;1;4,619
FRPI96;1;2,003
FRPI97;1;3,467
FRPJ02;1;1,62
FRPJ05;1;0,4
FRPJ07;1;4,375
FRPJ09;1;1,753
FRPJ11;1;3,566
FRPJ16;1;0,551
FRPJ20;1;1,37
FRPJ23;1;7,727
FRPJ26;1;1
FRPJ30;1;2,091
FRPJ39;1;0,77
FRPJ42;1;2,452
FRPJ44;1;1,459
FRPJ46;1;3,526
FRPJ49;1;2,37
FRPJ52;1;0,825
FRPJ55;1;2,145
FRPJ61;1;0,7
FRPJ62;1;3,15
FRPJ65;1;2,42
FRPJ66;1;1,81
FRPJ80;1;0,34
FRPJ81;1;1,26
FRPJ84;1;4,258
FRPJ89;1;1,1
FRPJ90;1;2,666
FRPJ92;1;3,159
FRPJ93;1;4,08
FRPJ96;1;3,328
FRPJA1;1;2,715
FRPK07;1;3,068
FRPK08;1;2,18
FRPK10;1;2,784
FRPK11;1;4,555
FRPK14;1;5,403
FRPK17;1;3,275
FRPK18;1;3,08
FRPK25;1;7,135
FRPK28;1;2,993
FRPK29;1;2,7
FRPK49;1;3,931
FRPK57;1;0,764
FRPK59;1;1,108
FRPK63;1;3,36
FRPK65;1;1,959
FRPK67;1;3,991
FRPK68;1;1,746
FRPK69;1;0,385
FRPK70;1;1,931
FRPK76;1;3,467
FRPK83;1;1,953
FRPK85;1;1,538
FRPK87;1;3,347
FRPK89;1;0,997
FRPK95;1;0,4
FRPK96;1;0,4
FRPK97;1;3,072
FRPK98;1;2,287
FRPL01;1;4,861
FRPL04;1;2,825
FRPL10;1;5,581
FRPL14;1;2,49
FRPL16;1;0,963
FRPL21;1;2,026
FRPL22;1;2,34
FRPL25;1;1,31
FRPL26;1;1,329
FRPL27;1;3,158
FRPL28;1;3,01
FRPL31;1;7,3
FRPL32;1;0,769
FRPL37;1;1,14
FRPL38;1;2,82
FRPL44;1;2,521
FRPL45;1;4,16
FRPL46;1;3,783
FRPL47;1;2,77
FRPL50;1;4,883
FRPL53;1;4,356
FRPL55;1;3,175
FRPL56;1;2,632
FRPL63;1;2,131
FRPL67;1;3,135
FRPN43;1;1,483
FRPV97;1;0,4
FRPW33;1;3,085
FRPW54;1;1,37
FRPW93;1;1,827
FRPW98;1;2,34
FRPX77;1;3,833
FRPX86;1;1,975
FRPYCK;1;7,3
FRPYIP;1;2,37
FRPZ80;1;1,54
FRPZ81;1;2,55
FRPZ87;1;1,95
FRPZ92;1;0
FRPA01;2;3,22
FRPA13;2;6,933
FRPA36;2;2,14
FRPA69;2;4,75
FRPA94;2;3,479
FRPACX;2;1,82
FRPADB;2;3,985
FRPADI;2;2,596
FRPADQ;2;1,157
FRPAEA;2;3,582
FRPAEU;2;1,331
FRPAFS;2;0,668
FRPAFT;2;2,749
FRPAFW;2;1,545
FRPAFX;2;0,8
FRPAGC;2;2,31
FRPAGD;2;0,6
FRPAGF;2;1,277
FRPAGG;2;1,626
FRPAH3;2;0,831
FRPAHP;2;0,66
FRPAI3;2;2,414
FRPAIP;2;3,32
FRPAIR;2;3,465
FRPAIX;2;1,047
FRPAIZ;2;3,47
FRPAJW;2;0,964
FRPAKC;2;4,065
FRPAKF;2;2,769
FRPAKG;2;0,585
FRPAKH;2;3,342
FRPAKX;2;2,111
FRPAM2;2;2,97
FRPAM3;2;2,572
FRPAM7;2;2,045
FRPAME;2;1,247
FRPAMK;2;3,198
FRPAN6;2;2,519
FRPAP1;2;7,15
FRPASF;2;0,594
FRPAWI;2;1,362
FRPB30;2;2,61
FRPB66;2;1,364
FRPBB3;2;1,8
FRPBB4;2;5,557
FRPBB6;2;0,329
FRPC23;2;2,334
FRPC48;2;5,12
FRPC83;2;0,626
FRPCC1;2;1,449
FRPCFI;2;1,945
FRPCGD;2;3,795
FRPCGE;2;2,805
FRPCGF;2;3,3
FRPCGP;2;4,62
FRPCIP;2;2,836
FRPD28;2;2,593
FRPD45;2;5,17
FRPD55;2;1,454
FRPD56;2;2,964
FRPD83;2;1,767
FRPD84;2;1,662
FRPD89;2;5,484
FRPD93;2;6,039
FRPD98;2;1,035
FRPE01;2;4,907
FRPE15;2;1,738
FRPE16;2;1,757
FRPE18;2;2,39
FRPE19;2;1,182
FRPE20;2;4,31
FRPE26;2;1,165
FRPE27;2;3,186
FRPE28;2;0,66
FRPE35;2;0,599
FRPE36;2;2,941
FRPE38;2;0,312
FRPE47;2;2,94
FRPE52;2;2,85
FRPE53;2;4,488
FRPE56;2;3,923
FRPE64;2;0,66
FRPE70;2;2,225
FRPE74;2;2,665
FRPE75;2;10,214
FRPE78;2;4,004
FRPE83;2;1,22
FRPE89;2;9,62
FRPE90;2;2,621
FRPE95;2;2,41
FRPE96;2;0,907
FRPE98;2;0,84
FRPF03;2;2,632
FRPF04;2;1,59
FRPF08;2;1,64
FRPF12;2;1,626
FRPF13;2;3,195
FRPF19;2;2,79
FRPF24;2;1,627
FRPF26;2;3,754
FRPF30;2;5,393
FRPF49;2;1,12
FRPF50;2;4,313
FRPF58;2;2,467
FRPF59;2;2,91
FRPF64;2;2,681
FRPF67;2;4,04
FRPF69;2;1,832
FRPF70;2;3,098
FRPF71;2;2,426
FRPF72;2;0,4
FRPF74;2;2,562
FRPF79;2;3,18
FRPF80;2;2,64
FRPF81;2;1,218
FRPF82;2;3,445
FRPF84;2;3,007
FRPF85;2;2,775
FRPF89;2;2,724
FRPG01;2;2,14
FRPG02;2;3,11
FRPG13;2;3,027
FRPG15;2;5,223
FRPG17;2;2,31
FRPG23;2;1,35
FRPG25;2;1,184
FRPG29;2;2,61
FRPG30;2;1,288
FRPG31;2;2,915
FRPG33;2;2,316
FRPG35;2;4,473
FRPG37;2;1,623
FRPG40;2;4,725
FRPG41;2;2,175
FRPG42;2;3,658
FRPG53;2;1,949
FRPG54;2;2,207
FRPG59;2;1,65
FRPG63;2;3,18
FRPG72;2;4,965
FRPG73;2;1,923
FRPG77;2;1,75
FRPG78;2;2,81
FRPG81;2;1,32
FRPG84;2;1,439
FRPG88;2;2,2
FRPG93;2;2,161
FRPG94;2;0,923
FRPH02;2;2,39
FRPH03;2;1,92
FRPH07;2;3,296
FRPH11;2;5,262
FRPH15;2;3,102
FRPH21;2;4,64
FRPH22;2;2,307
FRPH23;2;2,102
FRPH25;2;1,86
FRPH26;2;4,62
FRPH28;2;4,38
FRPH30;2;1,636
FRPH38;2;0,727
FRPH43;2;0,116
FRPH46;2;1,74
FRPH47;2;3,119
FRPH48;2;1,244
FRPH49;2;2,144
FRPH50;2;2,894
FRPH51;2;3,186
FRPH58;2;1,753
FRPH60;2;1,04
FRPH61;2;1,097
FRPH64;2;1,831
FRPH65;2;2,16
FRPH69;2;0,89
FRPH75;2;1,8
FRPH77;2;2,86
FRPH81;2;6,105
FRPH84;2;0,809
FRPH93;2;3,136
FRPH94;2;0,52
FRPH95;2;3,964
FRPH96;2;1,328
FRPH97;2;1,97
FRPI02;2;1,228
FRPI04;2;1,45
FRPI08;2;4,918
FRPI09;2;0,106
FRPI10;2;5,412
FRPI11;2;2,22
FRPI12;2;1,862
FRPI14;2;3,114
FRPI15;2;3,39
FRPI16;2;8,58
FRPI17;2;1,776
FRPI18;2;1,743
FRPI20;2;2,049
FRPI21;2;5,1
FRPI24;2;1,295
FRPI33;2;1,32
FRPI34;2;2,72
FRPI35;2;3,213
FRPI38;2;2,22
FRPI39;2;2,66
FRPI40;2;2,429
FRPI43;2;1,76
FRPI47;2;1,249
FRPI48;2;1,61
FRPI51;2;3,275
FRPI56;2;0,056
FRPI58;2;1,53
FRPI59;2;1,765
FRPI61;2;2,052
FRPI71;2;2,241
FRPI72;2;2,071
FRPI79;2;1,459
FRPI82;2;3,905
FRPI87;2;0
FRPI95;2;4,654
FRPI96;2;2,291
FRPI97;2;3
FRPJ02;2;1,14
FRPJ05;2;0,6
FRPJ07;2;3,165
FRPJ09;2;2,24
FRPJ11;2;2,48
FRPJ16;2;0,579
FRPJ20;2;1,14
FRPJ23;2;7,427
FRPJ26;2;1
FRPJ28;2;0,861
FRPJ30;2;2,084
FRPJ39;2;0,88
FRPJ42;2;2,205
FRPJ44;2;1,884
FRPJ46;2;3,465
FRPJ49;2;2,44
FRPJ52;2;0,99
FRPJ55;2;1,485
FRPJ61;2;1,093
FRPJ62;2;2,677
FRPJ65;2;2,93
FRPJ66;2;2,47
FRPJ80;2;0,28
FRPJ81;2;1,25
FRPJ84;2;4,517
FRPJ89;2;2,51
FRPJ90;2;3,118
FRPJ91;2;1,58
FRPJ92;2;3,522
FRPJ93;2;3,29
FRPJ96;2;3,776
FRPJA1;2;3,54
FRPK07;2;2,77
FRPK08;2;2,48
FRPK10;2;3,36
FRPK11;2;3,761
FRPK14;2;5,356
FRPK17;2;4,074
FRPK18;2;2,705
FRPK25;2;6,21
FRPK28;2;2,525
FRPK29;2;2,138
FRPK49;2;4,623
FRPK57;2;0,376
FRPK59;2;1,218
FRPK63;2;3,39
FRPK65;2;1,922
FRPK67;2;3,101
FRPK68;2;0,997
FRPK69;2;1,24
FRPK70;2;1,315
FRPK76;2;3,224
FRPK83;2;2,002
FRPK85;2;1,228
FRPK87;2;4,065
FRPK89;2;0,743
FRPK95;2;0,4
FRPK96;2;0,4
FRPK97;2;2,704
FRPK98;2;1,999
FRPL01;2;4,467
FRPL04;2;2,06
FRPL10;2;4,86
FRPL14;2;2
FRPL16;2;0,826
FRPL21;2;1,757
FRPL22;2;2,51
FRPL25;2;1,17
FRPL26;2;0,944
FRPL27;2;2,79
FRPL28;2;2,962
FRPL31;2;5,88
FRPL32;2;0,864
FRPL37;2;0,92
FRPL38;2;2,523
FRPL44;2;2,636
FRPL45;2;3,54
FRPL46;2;3,712
FRPL47;2;2,19
FRPL50;2;3,346
FRPL53;2;3,298
FRPL55;2;3,338
FRPL56;2;1,347
FRPL63;2;1,748
FRPL67;2;2,805
FRPN43;2;1,231
FRPV97;2;0,4
FRPW32;2;0,597
FRPW33;2;2,195
FRPW54;2;0,68
FRPW93;2;2,215
FRPW98;2;1,94
FRPX77;2;3,532
FRPX86;2;2,594
FRPYCK;2;7,2
FRPYIP;2;1,24
FRPZ80;2;1,04
FRPZ81;2;2,549999997
FRPZ87;2;1,61
FRPZ92;2;0
FRPA01;3;4,06
FRPA13;3;6,076
FRPA36;3;1,909
FRPA69;3;5,45
FRPA94;3;5,589
FRPACX;3;3,04
FRPADB;3;2,665
FRPADI;3;3,847
FRPADQ;3;2,211
FRPAEA;3;2,072
FRPAEU;3;1,572
FRPAFS;3;1,017
FRPAFT;3;2,609
FRPAFW;3;2,145
FRPAFX;3;1
FRPAGC;3;2,469
FRPAGD;3;0,8
FRPAGF;3;2,113
FRPAGG;3;2,383
FRPAH3;3;1,364
FRPAHP;3;0,33
FRPAI3;3;3,145
FRPAIP;3;2,8
FRPAIR;3;3,135
FRPAIX;3;1,93
FRPAIZ;3;2,49
FRPAJW;3;1,304
FRPAKC;3;2,657
FRPAKF;3;3,199
FRPAKG;3;0,74
FRPAKH;3;5,345
FRPAKX;3;2,862
FRPAL9;3;1,261
FRPAM2;3;2,64
FRPAM3;3;3,028
FRPAM7;3;1,875
FRPAME;3;1,457
FRPAMK;3;4,395
FRPAN6;3;3,795
FRPAP1;3;6,488
FRPASF;3;1,14
FRPAWI;3;1,659
FRPB30;3;4,44
FRPB66;3;2,015
FRPBB3;3;2
FRPBB4;3;7,923
FRPBB6;3;1,206
FRPC23;3;3,087
FRPC48;3;5,83
FRPC83;3;0,327
FRPCC1;3;1,403
FRPCFI;3;1,587
FRPCGD;3;4,29
FRPCGE;3;3,135
FRPCGF;3;2,97
FRPCGP;3;4,62
FRPCIP;3;4,242
FRPD28;3;2,825
FRPD45;3;4,59
FRPD55;3;2,055
FRPD56;3;2,743
FRPD83;3;3,83
FRPD84;3;1,947
FRPD89;3;5,065
FRPD93;3;4,748
FRPD98;3;1,441
FRPE01;3;2,736
FRPE15;3;1,822
FRPE16;3;2,204
FRPE18;3;2,197
FRPE19;3;0,982
FRPE20;3;3,927
FRPE24;3;0,681
FRPE26;3;1,301
FRPE27;3;2,997
FRPE28;3;1,47
FRPE35;3;1,484
FRPE36;3;3,917
FRPE47;3;3,013
FRPE52;3;4,205
FRPE53;3;5,011
FRPE56;3;2,636
FRPE64;3;1,32
FRPE70;3;1,994
FRPE74;3;2,779
FRPE75;3;13,32
FRPE78;3;4,521
FRPE83;3;3,099
FRPE89;3;7,6
FRPE90;3;2,585
FRPE95;3;2,995
FRPE96;3;1,348
FRPE98;3;1,307
FRPF03;3;1,994
FRPF04;3;2,46
FRPF08;3;2,04
FRPF12;3;2,309
FRPF13;3;5,298
FRPF19;3;2,621
FRPF24;3;0,817
FRPF26;3;2,611
FRPF30;3;4,063
FRPF48;3;0,33
FRPF49;3;2,49
FRPF50;3;4,47
FRPF58;3;2,978
FRPF59;3;2,409
FRPF64;3;3,275
FRPF67;3;4,559
FRPF69;3;3,091
FRPF70;3;5,137
FRPF71;3;2,682
FRPF72;3;0,5
FRPF74;3;2,634
FRPF79;3;2,72
FRPF80;3;3,29
FRPF81;3;1,355
FRPF82;3;3,1
FRPF84;3;3,316
FRPF85;3;2,915
FRPF89;3;2,788
FRPG01;3;1,34
FRPG02;3;2,055
FRPG13;3;2,836
FRPG15;3;2,63
FRPG17;3;3,3
FRPG23;3;1,15
FRPG25;3;0,839
FRPG29;3;2,65
FRPG30;3;2,069
FRPG31;3;2,438
FRPG33;3;1,87
FRPG35;3;5,885
FRPG37;3;1,954
FRPG40;3;4,247
FRPG41;3;1,576
FRPG42;3;2,932
FRPG53;3;2,195
FRPG54;3;3,17
FRPG59;3;2,24
FRPG63;3;2,517
FRPG72;3;4,428
FRPG73;3;2,672
FRPG77;3;1,05
FRPG78;3;2,11
FRPG81;3;1,65
FRPG84;3;2,553
FRPG88;3;2,54
FRPG93;3;2,326
FRPG94;3;1,555
FRPH02;3;3,325
FRPH03;3;1,98
FRPH07;3;3,63
FRPH11;3;9,356
FRPH15;3;3,622
FRPH21;3;4,715
FRPH22;3;2,435
FRPH23;3;2,692
FRPH25;3;1,04
FRPH26;3;7,09
FRPH28;3;1,26
FRPH30;3;1,616
FRPH38;3;1,429
FRPH46;3;3,57
FRPH47;3;2,551
FRPH48;3;2,013
FRPH49;3;3,794
FRPH50;3;2,413
FRPH51;3;3,708
FRPH58;3;1,89
FRPH60;3;1,06
FRPH61;3;1,53
FRPH64;3;0,955
FRPH65;3;3,48
FRPH69;3;1,277
FRPH75;3;1,05
FRPH77;3;3,24
FRPH80;3;2,329
FRPH81;3;5,28
FRPH84;3;1,088
FRPH93;3;1,648
FRPH94;3;0,65
FRPH95;3;6,944
FRPH96;3;1,248
FRPH97;3;2,07
FRPI02;3;1,799
FRPI04;3;1,16
FRPI08;3;3,499
FRPI10;3;5,215
FRPI11;3;3,53
FRPI12;3;1,83
FRPI14;3;3,32
FRPI15;3;4,25
FRPI17;3;2,73
FRPI18;3;1,346
FRPI20;3;1,971
FRPI21;3;6,98
FRPI24;3;1,821
FRPI33;3;1,584
FRPI34;3;2,445
FRPI35;3;2,96
FRPI38;3;3,479
FRPI39;3;2,44
FRPI40;3;4,781
FRPI43;3;1,125
FRPI47;3;1,933
FRPI48;3;2,6
FRPI51;3;3,147
FRPI56;3;0,111
FRPI58;3;2,623
FRPI59;3;1,393
FRPI61;3;1,71
FRPI71;3;2,877
FRPI72;3;2,342
FRPI73;3;0,849
FRPI79;3;1,781
FRPI82;3;3,81
FRPI87;3;1,05
FRPI95;3;3,274
FRPI96;3;1,969
FRPI97;3;3,25
FRPJ02;3;2,428
FRPJ05;3;0,8
FRPJ07;3;5,018
FRPJ09;3;2,509
FRPJ11;3;3,106
FRPJ16;3;0,413
FRPJ20;3;1,44
FRPJ23;3;10,087
FRPJ26;3;1,25
FRPJ28;3;1,744
FRPJ30;3;2,562
FRPJ39;3;1,19
FRPJ42;3;2,895
FRPJ44;3;2,852
FRPJ46;3;4,795
FRPJ49;3;3,3
FRPJ52;3;0,66
FRPJ55;3;2,805
FRPJ61;3;0,96
FRPJ62;3;3,705
FRPJ65;3;3,24
FRPJ66;3;1,664
FRPJ78;3;2,816
FRPJ80;3;0,4
FRPJ81;3;0,73
FRPJ84;3;2,1
FRPJ89;3;2,25
FRPJ90;3;2,706
FRPJ92;3;4,04
FRPJ93;3;3,757
FRPJ96;3;3,675
FRPJA1;3;2,705
FRPK07;3;1,866
FRPK08;3;2,918
FRPK10;3;3,392
FRPK11;3;3,28
FRPK14;3;4,026
FRPK17;3;2,9
FRPK18;3;3,1
FRPK25;3;7,89
FRPK28;3;3,659
FRPK29;3;3,17
FRPK49;3;4,329
FRPK57;3;0,54
FRPK59;3;1,48
FRPK63;3;3,867
FRPK65;3;3,285
FRPK67;3;4,926
FRPK68;3;2,344
FRPK70;3;1,566
FRPK76;3;2,774
FRPK83;3;2,347
FRPK85;3;1,622
FRPK87;3;3,113
FRPK89;3;0,955
FRPK95;3;0,5
FRPK96;3;0,5
FRPK97;3;2,092
FRPK98;3;2,113
FRPL01;3;5,427
FRPL04;3;2,815
FRPL10;3;6,02
FRPL14;3;2,09
FRPL16;3;1,258
FRPL21;3;2,569
FRPL22;3;2,63
FRPL25;3;1,59
FRPL26;3;1,204
FRPL27;3;3,474
FRPL28;3;3,654
FRPL31;3;4,57
FRPL32;3;0,946
FRPL37;3;1,1
FRPL38;3;2,407
FRPL44;3;2,3
FRPL45;3;3,58
FRPL46;3;3,96
FRPL47;3;2,23
FRPL50;3;4,859
FRPL53;3;5,94
FRPL55;3;4,445
FRPL56;3;3,879
FRPL63;3;3,151
FRPL67;3;2,64
FRPN43;3;1,825
FRPV97;3;0,5
FRPW33;3;5,65
FRPW54;3;1,25
FRPW93;3;4,205
FRPW98;3;1,69
FRPX77;3;3,707
FRPX86;3;1,75
FRPYCK;3;8,7
FRPYIP;3;1,8
FRPZ80;3;1,26
FRPZ81;3;2,7
FRPZ87;3;1,59
FRPZ92;3;0
FRPA01;4;5,59
FRPA13;4;4,825
FRPA36;4;2,673
FRPA51;4;1,638
FRPA69;4;4,99
FRPA90;4;0
FRPA94;4;5,395
FRPACX;4;4,085
FRPAD8;4;1,08
FRPADB;4;2,06
FRPADI;4;3,157
FRPADQ;4;3,522
FRPAEA;4;1,707
FRPAEU;4;1,233
FRPAFS;4;2,64
FRPAFT;4;0,53
FRPAFW;4;2,87
FRPAFX;4;1
FRPAGC;4;1,3
FRPAGF;4;2,673
FRPAGG;4;2,3166
FRPAGJ;4;1,68
FRPAH3;4;0,915
FRPAHP;4;0,477
FRPAI3;4;3,824
FRPAIP;4;2,3
FRPAIR;4;2,1384
FRPAIX;4;1,482
FRPAIZ;4;2,53
FRPAJW;4;1,304
FRPAKC;4;1,782
FRPAKF;4;0,51
FRPAKG;4;2,11
FRPAKH;4;5,1678
FRPAKX;4;3,12
FRPAL9;4;2,91
FRPAM2;4;2,8512
FRPAM3;4;2,43
FRPAM7;4;1,56
FRPAME;4;2,16
FRPAMK;4;5,508
FRPAN3;4;0,5346
FRPAN6;4;2,2692
FRPAP1;4;3,8178
FRPASF;4;0,736
FRPAWI;4;1,441
FRPB30;4;1,93
FRPB48;4;1,9602
FRPB66;4;2,009
FRPBB3;4;1,6
FRPBB4;4;6,687
FRPBB6;4;0,691
FRPC16;4;0
FRPC23;4;1,23
FRPC48;4;3,1725
FRPC83;4;0,69
FRPCC1;4;1,562
FRPCFI;4;2,0304
FRPCGD;4;4,455
FRPCGE;4;2,8512
FRPCGF;4;4,0986
FRPCGP;4;4,455
FRPCIP;4;2,46
FRPD28;4;4,526
FRPD45;4;4,22
FRPD55;4;3,564
FRPD56;4;0,519
FRPD83;4;1,6038
FRPD84;4;2,986
FRPD85;4;0,7128
FRPD89;4;4,691
FRPD90;4;0,798
FRPD93;4;2,673
FRPE01;4;2,93
FRPE15;4;1,142
FRPE16;4;3,839
FRPE18;4;3,643
FRPE19;4;0,84
FRPE20;4;3,355
FRPE24;4;2,208
FRPE26;4;2,758
FRPE27;4;3,05
FRPE28;4;1,22
FRPE35;4;1,538
FRPE36;4;2,966
FRPE38;4;1,844
FRPE47;4;3,486
FRPE52;4;3,4
FRPE53;4;3,35
FRPE56;4;2,985
FRPE64;4;0,931
FRPE70;4;2,8512
FRPE74;4;2,34
FRPE75;4;4,0986
FRPE78;4;3,208
FRPE83;4;3,753
FRPE89;4;9,47
FRPE90;4;2,659
FRPE91;4;1,11
FRPE95;4;3,7
FRPE96;4;1,284
FRPE98;4;1,284
FRPF03;4;1,84
FRPF04;4;1,56
FRPF08;4;3,244
FRPF12;4;2,0304
FRPF13;4;4,628
FRPF19;4;1,065
FRPF24;4;0,912
FRPF26;4;2,424
FRPF30;4;2,8512
FRPF48;4;0,549
FRPF49;4;1,54
FRPF50;4;4,235
FRPF58;4;2,464
FRPF59;4;2,857
FRPF64;4;0,92
FRPF67;4;3,116
FRPF69;4;2,38
FRPF70;4;3,758
FRPF71;4;2,712
FRPF72;4;0,2635
FRPF74;4;2,381
FRPF79;4;3,925
FRPF80;4;3,02
FRPF81;4;1,33
FRPF82;4;2,675
FRPF84;4;2,89
FRPF85;4;2,24
FRPF89;4;3,092
FRPG01;4;1,36
FRPG02;4;1,9
FRPG11;4;0
FRPG13;4;2,321
FRPG15;4;3,204
FRPG17;4;0,937
FRPG23;4;1,36
FRPG25;4;1,095
FRPG29;4;1,93
FRPG30;4;1,691
FRPG31;4;1,0692
FRPG33;4;2,244
FRPG35;4;5,102
FRPG36;4;2,8512
FRPG37;4;3,604
FRPG40;4;2,642
FRPG41;4;1,766
FRPG42;4;2,197
FRPG53;4;3,181
FRPG54;4;2,323
FRPG59;4;1,47
FRPG63;4;2,673
FRPG72;4;4,51
FRPG73;4;1,838
FRPG77;4;2,3166
FRPG78;4;2,03
FRPG81;4;1,518
FRPG84;4;3,179
FRPG88;4;1,72
FRPG93;4;3,257
FRPG94;4;1,504
FRPH02;4;3,019
FRPH03;4;1,78
FRPH05;4;2,4948
FRPH07;4;3,451
FRPH11;4;4,66
FRPH15;4;4,187
FRPH21;4;3,54
FRPH22;4;3,373
FRPH23;4;3,275
FRPH25;4;1,48
FRPH26;4;4,73
FRPH28;4;1,56
FRPH30;4;1,711
FRPH38;4;1,155
FRPH43;4;0,292
FRPH46;4;2,64
FRPH47;4;1,945
FRPH48;4;2,08
FRPH49;4;3,578
FRPH50;4;2,716
FRPH51;4;3,271
FRPH58;4;2,375
FRPH60;4;0,59
FRPH61;4;1,295
FRPH64;4;1,43
FRPH65;4;2,46
FRPH69;4;0,655
FRPH75;4;1,05
FRPH77;4;3,38
FRPH80;4;3,15
FRPH84;4;0,24
FRPH93;4;5,087
FRPH94;4;1,66
FRPH95;4;5,142
FRPH96;4;1,661
FRPH97;4;1,1421
FRPH98;4;1,9602
FRPI02;4;1,496
FRPI04;4;1,59
FRPI08;4;3,7422
FRPI09;4;0,479
FRPI10;4;4,34
FRPI11;4;1,85
FRPI12;4;2,2
FRPI14;4;2,904
FRPI15;4;3,3858
FRPI16;4;8,7318
FRPI17;4;1,7
FRPI18;4;2,835
FRPI20;4;2,523
FRPI21;4;5,1
FRPI24;4;1,84
FRPI33;4;0,85
FRPI34;4;2,75
FRPI35;4;3,12
FRPI38;4;2,649
FRPI39;4;2,48
FRPI40;4;3,649
FRPI43;4;2,3166
FRPI47;4;2,64
FRPI48;4;2,28
FRPI51;4;2,476
FRPI56;4;1,036
FRPI58;4;2,03
FRPI59;4;2,552
FRPI61;4;1,05
FRPI71;4;2,102
FRPI72;4;2,283
FRPI73;4;0
FRPI79;4;2,724
FRPI82;4;2,71
FRPI87;4;1,52
FRPI95;4;1,269
FRPI96;4;3,0294
FRPI97;4;2,955
FRPJ02;4;2,3166
FRPJ05;4;0,2635
FRPJ06;4;3,49
FRPJ07;4;3,077
FRPJ09;4;2,931
FRPJ11;4;4,11
FRPJ16;4;0,495
FRPJ20;4;3,43
FRPJ23;4;3,9204
FRPJ26;4;1,2
FRPJ28;4;2,076
FRPJ30;4;1,649
FRPJ39;4;0,77
FRPJ42;4;6,49
FRPJ44;4;2,454
FRPJ46;4;2,673
FRPJ49;4;2,92
FRPJ52;4;0,439
FRPJ55;4;3,0382
FRPJ61;4;0,86
FRPJ62;4;3,72
FRPJ65;4;3,06
FRPJ66;4;1,8
FRPJ78;4;2,039
FRPJ80;4;0,41
FRPJ81;4;0,85
FRPJ84;4;5,55
FRPJ89;4;1,6497
FRPJ90;4;2,461
FRPJ91;4;2,6
FRPJ92;4;4,78
FRPJ93;4;3,068
FRPJ96;4;4,0076
FRPJA1;4;2,35
FRPK07;4;3,71
FRPK08;4;2,1384
FRPK10;4;3,435
FRPK11;4;2,842
FRPK14;4;3,564
FRPK16;4;1,68
FRPK17;4;3,97
FRPK18;4;2,3166
FRPK25;4;7,22
FRPK28;4;2,827
FRPK29;4;2,515
FRPK49;4;3,612
FRPK54;4;0
FRPK57;4;0,5346
FRPK59;4;1,155
FRPK63;4;4,07
FRPK65;4;2,449
FRPK67;4;5,95
FRPK68;4;2,713
FRPK69;4;0,306
FRPK70;4;1,99
FRPK76;4;4,869
FRPK83;4;1,969
FRPK85;4;1,791
FRPK87;4;2,257
FRPK89;4;1,9602
FRPK95;4;0,2455
FRPK96;4;0,879
FRPK97;4;1,391
FRPK98;4;1,632
FRPL04;4;2,47
FRPL10;4;4,43
FRPL14;4;2,58
FRPL16;4;1,003
FRPL21;4;2,268
FRPL22;4;2,05
FRPL25;4;1,19
FRPL26;4;0,556
FRPL27;4;2,976
FRPL28;4;3,411
FRPL31;4;8,07
FRPL32;4;0,731
FRPL37;4;0,99
FRPL38;4;1,903
FRPL44;4;4,256
FRPL45;4;3,76
FRPL46;4;4,2768
FRPL47;4;2,39
FRPL50;4;5,014
FRPL53;4;4,46
FRPL55;4;2,97
FRPL56;4;4,114
FRPL63;4;1,47
FRPL67;4;0,891
FRPN43;4;2,4948
FRPV97;4;0,3765
FRPW32;4;0,79
FRPW33;4;3,47
FRPW54;4;0,95
FRPW93;4;4,263
FRPW98;4;2,24
FRPX77;4;4,246
FRPX86;4;1,782
FRPYCK;4;2,4111
FRPYIP;4;0,753
FRPZ80;4;1,31
FRPZ81;4;2,1
FRPZ87;4;2,2
FRPZ92;4;0,18
FRPZ99;4;0,48
FRPA01;5;5,52
FRPA13;5;5,978
FRPA36;5;2,31
FRPA49;5;0,185
FRPA51;5;3,571
FRPA56;5;0
FRPA69;5;6,344
FRPA90;5;0
FRPA94;5;6,174
FRPACX;5;2,85
FRPAD8;5;2,15
FRPADB;5;2,27
FRPADI;5;1,08
FRPADQ;5;2,344
FRPAEA;5;1,636
FRPAEU;5;0,51
FRPAFS;5;3,12
FRPAFT;5;2,7
FRPAFW;5;2,07
FRPAFX;5;0,4
FRPAGC;5;2,03
FRPAGF;5;2,84
FRPAGG;5;2,66
FRPAGJ;5;0,29
FRPAH3;5;2,16
FRPAHP;5;1,259
FRPAI3;5;2,02
FRPAIP;5;2,16
FRPAIR;5;3,92
FRPAIX;5;1,575
FRPAIZ;5;2,35
FRPAJW;5;1,057
FRPAKC;5;2,48
FRPAKF;5;2,08
FRPAKG;5;1,7
FRPAKH;5;4,3
FRPAKX;5;2,96
FRPAL9;5;2,596
FRPAM2;5;1,26
FRPAM3;5;2,973
FRPAM7;5;2,22
FRPAME;5;2,88
FRPAMK;5;4,588
FRPAN3;5;2,49
FRPAN6;5;2,72
FRPAP1;5;2,47
FRPASF;5;1,089
FRPAWI;5;3,954
FRPB30;5;3,61
FRPB48;5;2,84
FRPB66;5;1,569
FRPBB3;5;4,45
FRPBB4;5;6,56
FRPBB6;5;0,7
FRPC16;5;0
FRPC23;5;1,03
FRPC38;5;0,54
FRPC42;5;0
FRPC43;5;0,54
FRPC44;5;0
FRPC48;5;3,04
FRPCC1;5;1,098
FRPCFI;5;2,42
FRPCGD;5;4,5
FRPCGE;5;2,88
FRPCGF;5;3,24
FRPCGP;5;5,04
FRPCIP;5;2,724
FRPD28;5;2,67
FRPD45;5;3,73
FRPD55;5;2,66
FRPD56;5;0,52
FRPD83;5;2,67
FRPD84;5;1,517
FRPD85;5;1,42
FRPD89;5;3,72
FRPD90;5;0,967
FRPD93;5;2,84
FRPD98;5;0,18
FRPE01;5;3,78
FRPE15;5;2,357
FRPE16;5;2,891
FRPE17;5;2,201
FRPE18;5;3,069
FRPE19;5;1,171
FRPE20;5;3,18
FRPE24;5;3,161
FRPE26;5;2,162
FRPE27;5;1,889
FRPE35;5;2,88
FRPE36;5;3,121
FRPE38;5;2,296
FRPE47;5;2,792
FRPE52;5;3,6
FRPE53;5;3,831
FRPE56;5;3,498
FRPE64;5;0,999
FRPE70;5;3,55
FRPE74;5;2,54
FRPE75;5;4,64
FRPE78;5;3,396
FRPE83;5;4,715
FRPE89;5;5,04
FRPE90;5;2,13
FRPE91;5;0,87
FRPE95;5;3,375
FRPE96;5;1,14
FRPE98;5;1,97
FRPF03;5;2,324
FRPF04;5;0
FRPF08;5;3,486
FRPF12;5;2,55
FRPF13;5;4,852
FRPF19;5;0,806
FRPF20;5;2,66
FRPF24;5;0,548
FRPF26;5;2,078
FRPF30;5;2,49
FRPF48;5;0,637
FRPF49;5;2,16
FRPF50;5;4,63
FRPF58;5;2,302
FRPF59;5;2,16
FRPF64;5;1,01
FRPF67;5;3,38
FRPF69;5;3,07
FRPF70;5;2,16
FRPF71;5;2,707
FRPF72;5;0,28
FRPF74;5;2,599
FRPF79;5;1,61
FRPF80;5;3,04
FRPF81;5;1,245
FRPF82;5;4,27
FRPF84;5;2,305
FRPF85;5;2,04
FRPF89;5;2,7
FRPF90;5;0
FRPG01;5;2,14
FRPG02;5;2,7
FRPG06;5;3,29
FRPG11;5;0
FRPG13;5;3,653
FRPG15;5;2,343
FRPG17;5;0,923
FRPG23;5;1,41
FRPG25;5;0,514
FRPG29;5;2,16
FRPG30;5;2,28
FRPG31;5;0,89
FRPG33;5;2,878
FRPG35;5;6,092
FRPG36;5;3,55
FRPG37;5;3,136
FRPG40;5;4,419
FRPG41;5;2,095
FRPG42;5;1,742
FRPG43;5;0
FRPG53;5;2,226
FRPG54;5;2,793
FRPG59;5;1,54
FRPG63;5;2,84
FRPG72;5;3,58
FRPG73;5;2,277
FRPG77;5;2,84
FRPG78;5;2,36
FRPG81;5;1,32
FRPG84;5;3,437
FRPG88;5;1,94
FRPG93;5;2,386
FRPG94;5;2,233
FRPH02;5;3,398
FRPH03;5;1,8
FRPH05;5;2,66
FRPH07;5;3,334
FRPH11;5;5,591
FRPH15;5;4,43
FRPH21;5;4,63
FRPH22;5;2,332
FRPH23;5;4,295
FRPH25;5;1,83
FRPH26;5;3,635
FRPH28;5;1,34
FRPH30;5;1,703
FRPH35;5;2,13
FRPH38;5;0,817
FRPH43;5;0,282
FRPH46;5;2,55
FRPH47;5;1,631
FRPH48;5;2,252
FRPH49;5;3,366
FRPH50;5;2,266
FRPH51;5;4,221
FRPH58;5;1,948
FRPH60;5;0,84
FRPH61;5;0,907
FRPH64;5;1,44
FRPH65;5;2,58
FRPH69;5;1,24
FRPH73;5;3,47
FRPH75;5;2,35
FRPH77;5;2,74
FRPH80;5;2,275
FRPH81;5;1,43
FRPH93;5;4,644
FRPH94;5;0,51
FRPH95;5;4,948
FRPH96;5;0,591
FRPH97;5;2,15
FRPH98;5;0
FRPI02;5;1,53
FRPI04;5;2,16
FRPI08;5;4,28
FRPI09;5;1,62
FRPI10;5;4,152
FRPI11;5;2,245
FRPI12;5;3,38
FRPI14;5;2,449
FRPI15;5;2,66
FRPI17;5;3,23
FRPI18;5;2,2
FRPI20;5;1,58
FRPI21;5;4,5
FRPI24;5;1,31
FRPI33;5;1,82
FRPI34;5;3,1
FRPI35;5;2,2
FRPI38;5;2,52
FRPI39;5;3,192
FRPI40;5;3,942
FRPI43;5;3,01
FRPI47;5;2,64
FRPI48;5;0,72
FRPI51;5;2,385
FRPI56;5;0,93
FRPI58;5;4,87
FRPI59;5;5,19
FRPI61;5;1,29
FRPI71;5;4,09
FRPI72;5;2,322
FRPI73;5;0
FRPI79;5;2,4
FRPI82;5;2,18
FRPI87;5;0,74
FRPI89;5;2,16
FRPI95;5;2,78
FRPI96;5;3,55
FRPI97;5;3,108
FRPI98;5;0,43
FRPJ02;5;2,12
FRPJ05;5;0,71
FRPJ06;5;3,65
FRPJ07;5;3,82
FRPJ09;5;3,232
FRPJ11;5;2,16
FRPJ16;5;0,867
FRPJ20;5;1,33
FRPJ23;5;3,92
FRPJ24;5;0,54
FRPJ26;5;1,2
FRPJ28;5;1,732
FRPJ30;5;1,902
FRPJ32;5;0,3
FRPJ39;5;0,77
FRPJ42;5;1,538
FRPJ44;5;3,769
FRPJ46;5;3,06
FRPJ47;5;0,4
FRPJ49;5;1,81
FRPJ52;5;0,347
FRPJ55;5;3,005
FRPJ61;5;0,4
FRPJ62;5;3,215
FRPJ65;5;3,204
FRPJ66;5;1,906
FRPJ78;5;1,326
FRPJ80;5;0,72
FRPJ81;5;0,87
FRPJ82;5;0
FRPJ84;5;4,25
FRPJ89;5;1,52
FRPJ90;5;1,52
FRPJ91;5;1,7
FRPJ92;5;3,33
FRPJ93;5;3,378
FRPJ96;5;3,17
FRPJA1;5;3,14
FRPK07;5;3,52
FRPK08;5;2,12
FRPK10;5;3,081
FRPK11;5;2,873
FRPK14;5;4,45
FRPK16;5;1,55
FRPK17;5;3,821
FRPK18;5;1,79
FRPK25;5;7,95
FRPK28;5;1,53
FRPK29;5;2,46
FRPK49;5;3,8
FRPK54;5;0
FRPK55;5;0,72
FRPK56;5;1,62
FRPK57;5;1,78
FRPK59;5;1,831
FRPK63;5;2,88
FRPK65;5;2,31
FRPK67;5;5,13
FRPK68;5;2,511
FRPK69;5;0,72
FRPK70;5;2,66
FRPK75;5;0
FRPK76;5;1,8
FRPK83;5;1,593
FRPK85;5;1,314
FRPK87;5;2,632
FRPK89;5;1,39
FRPK95;5;0,24
FRPK96;5;0,88
FRPK97;5;1,627
FRPK98;5;2,312
FRPL01;5;2,54
FRPL04;5;1,458
FRPL10;5;4,83
FRPL14;5;3,784
FRPL16;5;1,44
FRPL21;5;2,151
FRPL22;5;2,16
FRPL25;5;1,64
FRPL26;5;1,001
FRPL27;5;3,384
FRPL28;5;2,44
FRPL31;5;4,16
FRPL32;5;1,538
FRPL37;5;1,14
FRPL38;5;1,539
FRPL44;5;3,397
FRPL45;5;3,74
FRPL46;5;5,35
FRPL47;5;3,89
FRPL50;5;4,089
FRPL53;5;5,36
FRPL55;5;4,06
FRPL56;5;3,651
FRPL63;5;2,072
FRPL67;5;2,67
FRPM31;5;0
FRPN43;5;2,48
FRPV97;5;0,81
FRPW32;5;3,18
FRPW33;5;2,6
FRPW54;5;0,41
FRPW93;5;3,035
FRPW98;5;1,63
FRPX77;5;8,115
FRPX86;5;1,61
FRPYAB;5;2,12
FRPYCK;5;3,16
FRPYIP;5;1,09
FRPZ80;5;1,01
FRPZ81;5;2,88
FRPZ87;5;4,04
FRPZ92;5;0
FRPZ99;5;0,6
FRPA01;6;4,86
FRPA13;6;3,591
FRPA36;6;1,9602
FRPA41;6;0,16
FRPA49;6;0,594
FRPA51;6;3,879
FRPA69;6;5
FRPA90;6;0
FRPA94;6;5,674
FRPACX;6;3,94
FRPAD8;6;1,44
FRPADB;6;1,8124
FRPADI;6;2,16
FRPADQ;6;4,546
FRPAEA;6;1,963
FRPAEU;6;0,5076
FRPAFS;6;3,36
FRPAFT;6;2,68
FRPAFW;6;2,215
FRPAFX;6;0,8
FRPAGC;6;3,02
FRPAGF;6;3,3858
FRPAGG;6;3,2076
FRPAGJ;6;1,94
FRPAH3;6;2,16
FRPAHP;6;0,831
FRPAI3;6;2,9187
FRPAIP;6;1,42
FRPAIR;6;3,3858
FRPAIX;6;2,447
FRPAIZ;6;5,16
FRPAJW;6;1,339
FRPAKC;6;3,2076
FRPAKF;6;4,57
FRPAKG;6;1,4
FRPAKH;6;4,8222
FRPAKX;6;2,85
FRPAL9;6;2,792
FRPAM3;6;2,785
FRPAM7;6;1,48
FRPAME;6;3,12
FRPAMK;6;6,564
FRPAN3;6;2,1384
FRPAN6;6;3,0304
FRPAP1;6;2,9484
FRPASF;6;1,253
FRPAWI;6;3,643
FRPB30;6;2,9
FRPB48;6;2,673
FRPB66;6;2,106
FRPBB3;6;1,5
FRPBB4;6;7,82
FRPBB6;6;1,809
FRPC23;6;1,98
FRPC43;6;1,08
FRPC48;6;3,807
FRPC83;6;0,43
FRPCC1;6;1,118
FRPCFI;6;2,2842
FRPCGD;6;3,78
FRPCGE;6;2,52
FRPCGF;6;3,6
FRPCGP;6;5,22
FRPCIP;6;4,231
FRPD28;6;2,8512
FRPD45;6;5,65
FRPD55;6;2,673
FRPD56;6;2,46
FRPD83;6;2,673
FRPD84;6;2,319
FRPD85;6;1,2474
FRPD89;6;4,452
FRPD90;6;1,074
FRPD93;6;3,564
FRPD98;6;1,5228
FRPE01;6;4,91
FRPE15;6;1,468
FRPE16;6;2,756
FRPE17;6;2,546
FRPE18;6;2,986
FRPE19;6;1,001
FRPE20;6;2,825
FRPE24;6;3,356
FRPE26;6;2,29
FRPE27;6;1,98
FRPE35;6;0,72
FRPE36;6;4,384
FRPE38;6;3,736
FRPE47;6;2,631
FRPE52;6;4,33
FRPE53;6;5,85
FRPE56;6;3,635
FRPE64;6;1,362
FRPE70;6;2,8512
FRPE74;6;2,96
FRPE75;6;7,128
FRPE78;6;5,076
FRPE83;6;3,932
FRPE89;6;3,78
FRPE90;6;2,673
FRPE91;6;1,785
FRPE95;6;4,37
FRPE96;6;1,5228
FRPE98;6;1,6038
FRPF03;6;2,026
FRPF04;6;0,72
FRPF08;6;3,485
FRPF12;6;1,9035
FRPF13;6;3,454
FRPF19;6;0,826
FRPF20;6;2,673
FRPF24;6;1,382
FRPF26;6;2,246
FRPF30;6;2,8512
FRPF48;6;1,289
FRPF49;6;1,44
FRPF50;6;5,28
FRPF58;6;3,297
FRPF59;6;2,16
FRPF64;6;1,23
FRPF67;6;3,564
FRPF69;6;2,24
FRPF70;6;2,16
FRPF71;6;2,198
FRPF72;6;0,7
FRPF74;6;2,863
FRPF79;6;4,11
FRPF80;6;4,41
FRPF81;6;1,95
FRPF82;6;3,3858
FRPF84;6;2,952
FRPF85;6;2,0304
FRPF89;6;2,7
FRPG01;6;1,52
FRPG02;6;2,46
FRPG06;6;7,64
FRPG11;6;0
FRPG13;6;2,937
FRPG15;6;3,589
FRPG17;6;1,234
FRPG23;6;1,16
FRPG25;6;1,022
FRPG29;6;0,72
FRPG30;6;1,527
FRPG31;6;3,2076
FRPG33;6;2,192
FRPG35;6;6,106
FRPG36;6;2,673
FRPG37;6;3,586
FRPG40;6;2,956
FRPG41;6;1,738
FRPG42;6;2,263
FRPG43;6;1,07
FRPG53;6;2,06
FRPG54;6;3,439
FRPG59;6;1,16
FRPG63;6;3,564
FRPG72;6;3,57
FRPG73;6;2,403
FRPG77;6;3,0294
FRPG78;6;3,46
FRPG79;6;3,12
FRPG81;6;1,462
FRPG84;6;3,359
FRPG88;6;2,48
FRPG93;6;2,964
FRPG94;6;1,828
FRPH02;6;3,785
FRPH03;6;1,64
FRPH05;6;2,8512
FRPH07;6;3,144
FRPH11;6;5,998
FRPH15;6;5,145
FRPH21;6;4,235
FRPH22;6;2,723
FRPH23;6;3,96
FRPH25;6;2,47
FRPH26;6;5,33
FRPH28;6;1,64
FRPH30;6;2,293
FRPH35;6;2,8512
FRPH38;6;0,879
FRPH46;6;4,27
FRPH47;6;2,429
FRPH48;6;2,06
FRPH49;6;3,48
FRPH50;6;3,121
FRPH51;6;4,524
FRPH58;6;1,633
FRPH60;6;1,48
FRPH61;6;1,448
FRPH64;6;2,16
FRPH65;6;4,28
FRPH67;6;4,2768
FRPH69;6;1,112
FRPH73;6;5,837
FRPH75;6;2,52
FRPH77;6;2,96
FRPH80;6;3,108
FRPH81;6;5,346
FRPH84;6;0,96
FRPH93;6;4,134
FRPH94;6;0,65
FRPH95;6;5,893
FRPH96;6;1,198
FRPH97;6;3,0456
FRPH98;6;0
FRPI02;6;1,7766
FRPI04;6;0,72
FRPI08;6;5,346
FRPI09;6;1,62
FRPI10;6;4,72
FRPI11;6;3,405
FRPI12;6;4,3
FRPI14;6;2,672
FRPI15;6;3,564
FRPI17;6;2,71
FRPI18;6;2,228
FRPI20;6;2,047
FRPI21;6;6,3
FRPI24;6;2,36
FRPI33;6;1,6
FRPI34;6;2,72
FRPI35;6;3,745
FRPI38;6;3,123
FRPI39;6;2,01
FRPI40;6;3,356
FRPI43;6;1,9602
FRPI47;6;3,6
FRPI48;6;0,72
FRPI51;6;3,142
FRPI56;6;1,04
FRPI58;6;6,23
FRPI59;6;6,11
FRPI61;6;1,28
FRPI71;6;3,564
FRPI72;6;2,882
FRPI73;6;0
FRPI79;6;3,308
FRPI82;6;3,96
FRPI87;6;19,8
FRPI95;6;2,538
FRPI96;6;3,2076
FRPI97;6;3,525
FRPI98;6;2,0304
FRPJ02;6;2,673
FRPJ05;6;0,4
FRPJ06;6;4,69
FRPJ07;6;4,667
FRPJ09;6;4,355
FRPJ11;6;3,78
FRPJ16;6;1
FRPJ20;6;1,75
FRPJ23;6;4,2768
FRPJ26;6;1
FRPJ28;6;2,968
FRPJ30;6;2,519
FRPJ39;6;1,46
FRPJ42;6;2,264
FRPJ44;6;4,198
FRPJ46;6;2,538
FRPJ47;6;2,63
FRPJ49;6;2,36
FRPJ52;6;0,917
FRPJ55;6;3,333
FRPJ61;6;1
FRPJ62;6;4,05
FRPJ65;6;2,82
FRPJ66;6;2,452
FRPJ67;6;0,99
FRPJ78;6;1,723
FRPJ80;6;0
FRPJ81;6;1,15
FRPJ84;6;4,61
FRPJ89;6;1,5228
FRPJ90;6;3,0456
FRPJ91;6;1,6
FRPJ92;6;3,428
FRPJ93;6;3,95
FRPJ96;6;1,5959
FRPJA1;6;2,85
FRPK07;6;3,851
FRPK08;6;2,1384
FRPK10;6;3,548
FRPK11;6;3,529
FRPK14;6;3,7422
FRPK16;6;2,86
FRPK17;6;4,27
FRPK18;6;2,1384
FRPK25;6;7,65
FRPK28;6;2,0304
FRPK29;6;2,59
FRPK49;6;3,608
FRPK54;6;0,5076
FRPK57;6;0,891
FRPK59;6;1,717
FRPK65;6;1,6038
FRPK67;6;3,78
FRPK68;6;4,229
FRPK69;6;0,72
FRPK70;6;2,1384
FRPK76;6;2,7
FRPK83;6;1,976
FRPK85;6;1,607
FRPK87;6;3,452
FRPK89;6;2,0304
FRPK95;6;0,32255
FRPK96;6;0,48
FRPK97;6;1,776
FRPK98;6;3,809
FRPL01;6;2,87
FRPL04;6;2,894
FRPL10;6;4,81
FRPL14;6;2,736
FRPL16;6;1,44
FRPL21;6;2,798
FRPL22;6;2,16
FRPL25;6;2,044
FRPL26;6;1,605
FRPL27;6;2,756
FRPL28;6;3,1
FRPL31;6;9,04
FRPL32;6;1,949
FRPL37;6;0,82
FRPL38;6;1,604
FRPL44;6;1,972
FRPL45;6;2,28
FRPL46;6;4,0986
FRPL47;6;2,37
FRPL50;6;6,345
FRPL53;6;5,03
FRPL55;6;2,895
FRPL56;6;1,803
FRPL63;6;2,156
FRPL67;6;4,455
FRPN43;6;3,564
FRPR24;6;1,506
FRPV97;6;0,89
FRPW32;6;1,92
FRPW33;6;5,2
FRPW54;6;0,76
FRPW93;6;4,477
FRPW98;6;2,39
FRPX77;6;6,312
FRPX86;6;1,4256
FRPYAB;6;2,673
FRPYCK;6;5,3298
FRPYIP;6;1,092
FRPYIQ;6;0,58
FRPZ80;6;1,05
FRPZ81;6;1,98
FRPZ87;6;2,49
FRPZ99;6;0,594
FRPA01;7;5,34
FRPA13;7;2,48
FRPA36;7;1,6038
FRPA41;7;1,53
FRPA49;7;0,554
FRPA51;7;2,909
FRPA56;7;0
FRPA69;7;4,92
FRPA90;7;0
FRPA94;7;6,151
FRPACX;7;3,35
FRPAD8;7;1,98
FRPADB;7;1,2224
FRPADI;7;2,12
FRPADQ;7;3,325
FRPAEA;7;1,368
FRPAEU;7;1,0152
FRPAFS;7;4,8
FRPAFT;7;2,75
FRPAFW;7;2,445
FRPAFX;7;0,75
FRPAGC;7;3,04
FRPAGF;7;2,4948
FRPAGG;7;2,1384
FRPAGJ;7;2,35
FRPAH3;7;0,31
FRPAHP;7;0,982
FRPAI3;7;2,9187
FRPAIP;7;2,42
FRPAIR;7;3,3858
FRPAIX;7;2
FRPAIZ;7;3,15
FRPAJW;7;0,69
FRPAKC;7;2,3166
FRPAKF;7;2,9
FRPAKG;7;1,16
FRPAKH;7;4,6953
FRPAKX;7;1,83
FRPAL9;7;2,144
FRPAM3;7;3,616
FRPAM7;7;1,607
FRPAME;7;2,4
FRPAMK;7;6,891
FRPAN3;7;1,782
FRPAN6;7;2,1228
FRPAP1;7;3,3291
FRPASF;7;1,059
FRPAWI;7;3,34
FRPB30;7;2,88
FRPB48;7;2,8512
FRPB66;7;1,847
FRPBB3;7;4,273
FRPBB4;7;6,11
FRPBB6;7;0,79
FRPC16;7;0,3564
FRPC23;7;1,74
FRPC38;7;0
FRPC42;7;6,48
FRPC43;7;5,94
FRPC44;7;1,08
FRPC48;7;3,2994
FRPC83;7;1,423
FRPCC1;7;0,545
FRPCFI;7;2,0304
FRPCGD;7;4,5
FRPCGE;7;3,42
FRPCGF;7;4,5
FRPCGP;7;5,04
FRPCIP;7;4,312
FRPD28;7;2,8512
FRPD45;7;4,43
FRPD55;7;1,6038
FRPD56;7;3,63
FRPD83;7;2,8512
FRPD84;7;2,726
FRPD85;7;0,1782
FRPD89;7;4,059
FRPD90;7;2,351
FRPD93;7;2,8512
FRPD98;7;1,6497
FRPE01;7;4,27
FRPE15;7;2,098
FRPE16;7;3,777
FRPE17;7;2,257
FRPE18;7;2,146
FRPE19;7;0,745
FRPE20;7;2,724
FRPE24;7;3,41
FRPE26;7;2,855
FRPE27;7;2,447
FRPE35;7;3,6
FRPE36;7;4,019
FRPE38;7;4,477
FRPE47;7;3,715
FRPE52;7;2,83
FRPE53;7;5,085
FRPE56;7;2,711
FRPE64;7;1,367
FRPE70;7;2,673
FRPE74;7;2,17
FRPE75;7;4,8114
FRPE78;7;2,923
FRPE83;7;3,835
FRPE89;7;5,04
FRPE90;7;2,8512
FRPE91;7;1,078
FRPE95;7;3,235
FRPE96;7;1,5228
FRPE98;7;1,6038
FRPF03;7;2,448
FRPF04;7;1,22
FRPF08;7;4,021
FRPF12;7;1,7766
FRPF13;7;4,163
FRPF15;7;0,7128
FRPF19;7;0,678
FRPF20;7;2,4948
FRPF24;7;1,33
FRPF26;7;1,336
FRPF30;7;2,8512
FRPF48;7;0,953
FRPF49;7;1,22
FRPF50;7;3,667
FRPF58;7;2,499
FRPF59;7;2,32
FRPF64;7;0,99
FRPF67;7;4,455
FRPF69;7;1,815
FRPF70;7;2,64
FRPF71;7;2,439
FRPF72;7;0,74
FRPF74;7;2,652
FRPF79;7;4,04
FRPF80;7;4,1
FRPF81;7;1,644
FRPF82;7;3,564
FRPF84;7;2,379
FRPF85;7;2,2842
FRPF89;7;1,52
FRPF90;7;0
FRPG01;7;1,44
FRPG02;7;1,88
FRPG06;7;8,34
FRPG11;7;0
FRPG13;7;3,032
FRPG15;7;3,106
FRPG17;7;2,177
FRPG23;7;0,93
FRPG25;7;0,977
FRPG29;7;1,72
FRPG30;7;2,142
FRPG31;7;3,0294
FRPG33;7;1,322
FRPG35;7;5,949
FRPG36;7;2,8512
FRPG37;7;4,01
FRPG40;7;1,951
FRPG41;7;1,959
FRPG42;7;1,547
FRPG43;7;1,05
FRPG53;7;2,138
FRPG54;7;3,859
FRPG59;7;1,2
FRPG63;7;2,8512
FRPG72;7;4,288
FRPG73;7;2,131
FRPG77;7;3,564
FRPG78;7;2,81
FRPG79;7;2,585
FRPG81;7;1,121
FRPG84;7;3,492
FRPG88;7;1,79
FRPG93;7;2,213
FRPG94;7;3,672
FRPH02;7;3,563
FRPH03;7;1,36
FRPH05;7;2,673
FRPH07;7;3,038
FRPH11;7;4,221
FRPH15;7;4,303
FRPH21;7;4,135
FRPH22;7;2,454
FRPH23;7;4,702
FRPH25;7;2,98
FRPH26;7;5,206
FRPH28;7;6,58
FRPH30;7;2,21
FRPH35;7;2,8512
FRPH38;7;0,804
FRPH43;7;0,552
FRPH46;7;1,99
FRPH47;7;1,129
FRPH48;7;2,283
FRPH49;7;3,866
FRPH50;7;2,041
FRPH51;7;3,088
FRPH58;7;2,313
FRPH60;7;2,22
FRPH61;7;1,593
FRPH64;7;1,08
FRPH65;7;2,7
FRPH67;7;3,9204
FRPH69;7;1,4
FRPH73;7;5,326
FRPH75;7;3,6
FRPH77;7;3,29
FRPH80;7;2,51
FRPH81;7;4,2768
FRPH93;7;4,203
FRPH94;7;1,18
FRPH95;7;5,389
FRPH96;7;1,061
FRPH97;7;3,0456
FRPH98;7;0
FRPI02;7;1,9035
FRPI04;7;2,88
FRPI08;7;3,2076
FRPI09;7;1,16
FRPI10;7;5,261
FRPI11;7;3,583
FRPI12;7;4,77
FRPI14;7;4,381
FRPI15;7;4,8114
FRPI16;7;4,455
FRPI17;7;3,175
FRPI18;7;2,995
FRPI20;7;2,745
FRPI21;7;5,035
FRPI24;7;1,48
FRPI33;7;2,01
FRPI34;7;2,54
FRPI35;7;3,225
FRPI38;7;2,854
FRPI39;7;2,35
FRPI40;7;2,939
FRPI43;7;1,0692
FRPI47;7;2,4
FRPI48;7;1,56
FRPI51;7;2,257
FRPI56;7;0,91
FRPI58;7;5,03
FRPI59;7;5,04
FRPI61;7;0,93
FRPI71;7;3,564
FRPI72;7;2,571
FRPI73;7;1,4256
FRPI79;7;2,651
FRPI82;7;2,235
FRPI87;7;15,84
FRPI89;7;0,84
FRPI95;7;3,1725
FRPI96;7;3,0294
FRPI97;7;2,815
FRPI98;7;1,728
FRPJ02;7;2,3166
FRPJ05;7;0,63
FRPJ06;7;5,34
FRPJ07;7;3,251
FRPJ09;7;2,931
FRPJ11;7;4,02
FRPJ16;7;1,043
FRPJ20;7;3,46
FRPJ23;7;4,2768
FRPJ24;7;0
FRPJ26;7;1,2
FRPJ28;7;1,711
FRPJ30;7;2,311
FRPJ39;7;1,33
FRPJ42;7;2,617
FRPJ44;7;2,958
FRPJ46;7;2,6649
FRPJ47;7;1,89
FRPJ49;7;1,87
FRPJ52;7;0,343
FRPJ55;7;2,41
FRPJ61;7;0,775
FRPJ62;7;3,815
FRPJ65;7;2,98
FRPJ66;7;1,88
FRPJ67;7;2,802
FRPJ78;7;1,003
FRPJ80;7;0
FRPJ81;7;1,18
FRPJ82;7;0
FRPJ84;7;3,565
FRPJ89;7;2,6649
FRPJ90;7;2,7918
FRPJ91;7;4,35
FRPJ92;7;5,284
FRPJ93;7;2,478
FRPJ96;7;2,0304
FRPJA1;7;5,79
FRPK07;7;3,56
FRPK08;7;2,1384
FRPK10;7;3,541
FRPK11;7;2,355
FRPK14;7;4,6332
FRPK16;7;3,23
FRPK17;7;3,235
FRPK18;7;2,673
FRPK25;7;7,375
FRPK28;7;2,0304
FRPK29;7;2,445
FRPK49;7;2,891
FRPK54;7;1,0152
FRPK55;7;0
FRPK56;7;3,24
FRPK57;7;0,891
FRPK59;7;1,765
FRPK63;7;2,44
FRPK65;7;1,9602
FRPK67;7;3,367
FRPK68;7;4,363
FRPK69;7;0
FRPK70;7;2,8512
FRPK75;7;0,54
FRPK76;7;2,14
FRPK83;7;1,653
FRPK85;7;1,387
FRPK87;7;3,532
FRPK89;7;1,269
FRPK94;7;0,37
FRPK95;7;0,31
FRPK96;7;0,26
FRPK97;7;1,165
FRPK98;7;2,968
FRPL01;7;4,31
FRPL04;7;2,697
FRPL10;7;4,197
FRPL14;7;10,722
FRPL16;7;3,8
FRPL21;7;2,252
FRPL22;7;1,26
FRPL25;7;2,16
FRPL26;7;1,555
FRPL27;7;2,259
FRPL28;7;2,31
FRPL31;7;3,71
FRPL32;7;1,873
FRPL37;7;0,9
FRPL38;7;1,301
FRPL44;7;2,035
FRPL45;7;1,66
FRPL46;7;4,2768
FRPL47;7;2,79
FRPL50;7;3,847
FRPL53;7;4,186
FRPL55;7;2,61
FRPL56;7;2,991
FRPL63;7;1,666
FRPL67;7;3,564
FRPM31;7;0
FRPN43;7;2,8512
FRPR24;7;2,445
FRPV97;7;0,76
FRPW32;7;1,69
FRPW33;7;4,21
FRPW54;7;0,86
FRPW93;7;1,511
FRPW98;7;2,23
FRPX77;7;6,616
FRPX86;7;2,4948
FRPYAB;7;2,1384
FRPYCK;7;5,076
FRPYIP;7;0,44
FRPYIQ;7;0,72
FRPZ80;7;0,61
FRPZ81;7;3,42
FRPZ87;7;3,39
FRPZ92;7;0,8
FRPZ99;7;0,554
FRPA01;8;6,52
FRPA13;8;3,341
FRPA36;8;3,3858
FRPA41;8;2,013
FRPA49;8;0,718
FRPA51;8;3,214
FRPA69;8;6,7
FRPA90;8;0,6858
FRPA94;8;6,447
FRPACX;8;4,132
FRPAD8;8;2,34
FRPADB;8;2,3312
FRPADI;8;1,26
FRPADQ;8;3,289
FRPAEA;8;2,579
FRPAEU;8;1,3959
FRPAFS;8;4,32
FRPAFT;8;4,07
FRPAFW;8;3,436
FRPAFX;8;0,6
FRPAGC;8;3,5
FRPAGF;8;2,8512
FRPAGG;8;3,0294
FRPAGJ;8;4,16
FRPAH3;8;2,08
FRPAHP;8;1,148
FRPAI3;8;3,807
FRPAIP;8;2,08
FRPAIR;8;4,455
FRPAIX;8;2,22
FRPAIZ;8;2,86
FRPAJW;8;0,972
FRPAKC;8;3,0294
FRPAKF;8;4,57
FRPAKG;8;1,95
FRPAKH;8;4,4415
FRPAKX;8;3,96
FRPAL9;8;2,032
FRPAM3;8;3,734
FRPAM4;8;1,62
FRPAM7;8;1,768
FRPAME;8;2,64
FRPAMK;8;7,104
FRPAN3;8;3,564
FRPAN6;8;3,6649
FRPAP1;8;2,9484
FRPASF;8;2,579
FRPAWI;8;3,66
FRPB30;8;1,08
FRPB48;8;3,564
FRPB66;8;2,177
FRPBB3;8;4,423
FRPBB4;8;7,71
FRPBB6;8;0,437
FRPC16;8;2,4948
FRPC23;8;3,56
FRPC38;8;1,98
FRPC42;8;1,44
FRPC43;8;2,36
FRPC48;8;3,0456
FRPC83;8;1,505
FRPCC1;8;1,327
FRPCFI;8;2,7918
FRPCGD;8;4,5
FRPCGE;8;3,24
FRPCGF;8;3,6
FRPCGP;8;5,200000002
FRPCIP;8;5,032
FRPD28;8;3,564
FRPD45;8;4,26
FRPD55;8;2,3166
FRPD56;8;2,33492
FRPD83;8;3,564
FRPD84;8;1,307
FRPD85;8;0,7128
FRPD89;8;4,852
FRPD90;8;2,47
FRPD93;8;3,564
FRPD98;8;2,0304
FRPE01;8;4,79
FRPE15;8;2,103
FRPE16;8;4,517
FRPE17;8;1,696
FRPE18;8;2,294
FRPE19;8;0,771
FRPE20;8;3,243
FRPE24;8;5,224
FRPE26;8;3,302
FRPE27;8;2,27
FRPE28;8;0,18
FRPE35;8;0,9
FRPE36;8;5,095
FRPE38;8;3,531
FRPE47;8;3,399
FRPE52;8;3,067
FRPE53;8;6,19
FRPE56;8;3,976
FRPE64;8;1,196
FRPE70;8;3,564
FRPE74;8;2,76
FRPE75;8;5,5242
FRPE78;8;4,475
FRPE83;8;5,041
FRPE89;8;5,04
FRPE90;8;3,564
FRPE91;8;1,202
FRPE95;8;4,371
FRPE96;8;1,9035
FRPE98;8;2,3166
FRPF03;8;3,877
FRPF04;8;1,95
FRPF08;8;5,48
FRPF12;8;2,538
FRPF13;8;5,508
FRPF15;8;2,673
FRPF19;8;0,524
FRPF20;8;3,3858
FRPF24;8;1,292
FRPF26;8;2,656
FRPF30;8;3,3858
FRPF48;8;0,908
FRPF49;8;1,8
FRPF50;8;4,905
FRPF58;8;2,005
FRPF59;8;1,08
FRPF64;8;1,11
FRPF67;8;3,564
FRPF69;8;2,24
FRPF70;8;3,6
FRPF71;8;3,784
FRPF72;8;0,83795
FRPF74;8;3,098
FRPF79;8;3,727
FRPF80;8;3,79
FRPF81;8;1,924
FRPF82;8;3,1725
FRPF84;8;2,879
FRPF85;8;1,9035
FRPF89;8;1,62
FRPG01;8;3,28
FRPG02;8;2,3
FRPG06;8;10,51
FRPG11;8;0
FRPG13;8;4,807
FRPG15;8;3,075
FRPG17;8;1,507
FRPG23;8;1,42
FRPG25;8;1,17
FRPG29;8;1,8
FRPG30;8;2,35
FRPG31;8;2,3166
FRPG33;8;2,034
FRPG35;8;4,03
FRPG36;8;3,564
FRPG37;8;3,073
FRPG40;8;2,815
FRPG41;8;2,429
FRPG42;8;2,352
FRPG43;8;0,48
FRPG53;8;1,494
FRPG54;8;3,99
FRPG59;8;1,81
FRPG63;8;3,564
FRPG72;8;4,432
FRPG73;8;3,086
FRPG77;8;2,4894
FRPG78;8;2,12
FRPG79;8;2,545
FRPG81;8;2,484
FRPG84;8;5,062
FRPG88;8;5,8
FRPG93;8;1,716
FRPG94;8;5,003
FRPH02;8;3,362
FRPH03;8;1,7
FRPH05;8;3,564
FRPH07;8;3,088
FRPH11;8;3,952
FRPH15;8;4,66
FRPH21;8;5,912
FRPH22;8;2,678
FRPH23;8;4,835
FRPH25;8;1,24
FRPH26;8;4,71
FRPH28;8;2,43
FRPH30;8;2,115
FRPH35;8;3,564
FRPH38;8;1,17
FRPH43;8;0,303
FRPH46;8;4,17
FRPH47;8;2,106
FRPH48;8;2,661
FRPH49;8;3,657
FRPH50;8;2,011
FRPH51;8;3,258
FRPH58;8;1,919
FRPH60;8;3,02
FRPH61;8;1,162
FRPH64;8;1,54
FRPH65;8;4,09
FRPH67;8;4,455
FRPH69;8;1,17
FRPH73;8;4,379
FRPH75;8;4,32
FRPH77;8;3,57
FRPH80;8;3,131
FRPH81;8;3,9204
FRPH93;8;4,001
FRPH94;8;0,27
FRPH95;8;5,932
FRPH96;8;1,395
FRPH97;8;2,9187
FRPI02;8;2,1573
FRPI04;8;1,26
FRPI08;8;4,2768
FRPI09;8;1,44
FRPI10;8;5,224
FRPI11;8;4,452
FRPI12;8;4,5
FRPI14;8;4,635
FRPI15;8;4,455
FRPI16;8;12,8304
FRPI17;8;4,057
FRPI18;8;2,565
FRPI20;8;2,22
FRPI21;8;4,469
FRPI24;8;1,2
FRPI33;8;3,2
FRPI34;8;3,8
FRPI35;8;3,13
FRPI38;8;2,421
FRPI39;8;3,51
FRPI40;8;5,101
FRPI43;8;1,9602
FRPI47;8;3,36
FRPI48;8;2,88
FRPI51;8;3,788
FRPI56;8;0,5
FRPI58;8;7
FRPI59;8;6,81
FRPI61;8;0,99
FRPI71;8;4,455
FRPI72;8;2,98
FRPI73;8;2,4948
FRPI79;8;2,236
FRPI82;8;5,821
FRPI87;8;0,72
FRPI89;8;2,18
FRPI95;8;2,9187
FRPI96;8;3,7422
FRPI97;8;3,837
FRPI98;8;2,268
FRPJ02;8;1,6038
FRPJ05;8;0,66872
FRPJ06;8;3,84
FRPJ07;8;4,065
FRPJ09;8;4,286
FRPJ11;8;4,14
FRPJ16;8;0,676
FRPJ20;8;3,51
FRPJ23;8;4,0986
FRPJ26;8;1,25
FRPJ28;8;1,351
FRPJ30;8;2,881
FRPJ39;8;1,21
FRPJ42;8;1,973
FRPJ44;8;3,505
FRPJ46;8;3,5532
FRPJ47;8;1,87
FRPJ48;8;0,21
FRPJ49;8;1,37
FRPJ52;8;0,991
FRPJ55;8;3,364
FRPJ61;8;1,095
FRPJ62;8;4,271
FRPJ65;8;3,54
FRPJ66;8;2,8
FRPJ67;8;4,529
FRPJ78;8;5,314
FRPJ80;8;0,36
FRPJ81;8;1,16
FRPJ84;8;5,716
FRPJ89;8;1,5228
FRPJ90;8;3,807
FRPJ91;8;3,96
FRPJ92;8;4,288
FRPJ93;8;3,495
FRPJ96;8;2,1573
FRPJA1;8;4,38465
FRPK07;8;3,17
FRPK08;8;2,1384
FRPK10;8;2,803
FRPK11;8;3,758
FRPK14;8;4,2768
FRPK16;8;3,28
FRPK17;8;3,972
FRPK18;8;2,1384
FRPK25;8;9,187
FRPK28;8;2,538
FRPK29;8;3,146
FRPK49;8;5,835
FRPK54;8;1,3959
FRPK56;8;1,8
FRPK57;8;1,782
FRPK59;8;2,805
FRPK63;8;1,8
FRPK65;8;1,6038
FRPK67;8;5,478
FRPK68;8;4,414
FRPK69;8;0,18
FRPK70;8;3,564
FRPK76;8;3,08
FRPK83;8;1,638
FRPK85;8;1,367
FRPK87;8;4,778
FRPK89;8;1,7766
FRPK94;8;0,90744
FRPK95;8;0,2684
FRPK96;8;0,5357
FRPK97;8;1,528
FRPK98;8;3,938
FRPL01;8;2,99
FRPL04;8;2,99
FRPL10;8;6,022
FRPL14;8;4,059
FRPL16;8;0,36
FRPL21;8;2,665
FRPL22;8;0,82
FRPL25;8;2,13
FRPL26;8;1,112
FRPL27;8;2,951
FRPL28;8;2,63
FRPL31;8;3,14
FRPL32;8;2,478
FRPL37;8;1,12
FRPL38;8;1,726
FRPL44;8;1,393
FRPL45;8;1,7
FRPL46;8;4,9896
FRPL47;8;3,77
FRPL50;8;5,27
FRPL53;8;6,117
FRPL55;8;3,049
FRPL56;8;2,828
FRPL63;8;2,279
FRPL67;8;2,8512
FRPN43;8;3,564
FRPR24;8;2,391
FRPV97;8;0,43821
FRPW32;8;1,84
FRPW33;8;4,21
FRPW54;8;0,73
FRPW93;8;4,933
FRPW98;8;2,41
FRPX77;8;6,101
FRPX86;8;2,8512
FRPYAB;8;1,4256
FRPYCK;8;5,076
FRPYIP;8;0,27535
FRPYIQ;8;2,47
FRPZ80;8;1,49
FRPZ81;8;3,06
FRPZ87;8;3,74
FRPZ99;8;0,672
FRPA01;9;5,72
FRPA13;9;3,43
FRPA36;9;1,4256
FRPA41;9;2,205
FRPA49;9;0,944
FRPA51;9;3,991
FRPA69;9;5,23
FRPA87;9;0
FRPA94;9;6,784
FRPACX;9;2,829
FRPAD8;9;1,44
FRPADB;9;2,27
FRPADI;9;4,32
FRPADQ;9;5,33
FRPADR;9;1,6497
FRPAEA;9;1,431
FRPAEU;9;0,5832
FRPAFS;9;2,64
FRPAFT;9;2,72
FRPAFW;9;2,354
FRPAGC;9;3,44
FRPAGD;9;0
FRPAGF;9;2,1384
FRPAGG;9;2,673
FRPAGJ;9;2,21
FRPAH3;9;5,04
FRPAHP;9;0,889
FRPAI3;9;3,0456
FRPAIP;9;2,51
FRPAIR;9;3,0294
FRPAIX;9;1,868
FRPAIZ;9;2,55
FRPAJW;9;1,488
FRPAKC;9;2,3166
FRPAKF;9;6,07
FRPAKG;9;1,2
FRPAKH;9;4,6953
FRPAKX;9;3,3
FRPAL9;9;2,889
FRPAM3;9;3,471
FRPAM4;9;4,86
FRPAM7;9;0,897
FRPAME;9;2,64
FRPAMK;9;7,052
FRPAN3;9;2,4948
FRPAN6;9;1,0152
FRPAP1;9;3,6855
FRPASF;9;0,838
FRPAWI;9;3,128
FRPB30;9;6,48
FRPB48;9;2,8512
FRPB66;9;2,601
FRPBB3;9;4,455
FRPBB4;9;6,36
FRPBB6;9;0,68
FRPC16;9;1,9602
FRPC23;9;2,38
FRPC38;9;6,479999994
FRPC42;9;3,239999997
FRPC43;9;5,399999995
FRPC48;9;3,807
FRPC83;9;1,249
FRPCC1;9;0,696
FRPCFI;9;2,0304
FRPCGD;9;4,14
FRPCGE;9;2,16
FRPCGF;9;2,7
FRPCGP;9;3,6
FRPCIP;9;4,361
FRPD28;9;2,1384
FRPD45;9;3,05
FRPD55;9;2,4948
FRPD56;9;3,16927
FRPD83;9;2,673
FRPD84;9;1,838
FRPD85;9;0,7128
FRPD89;9;3,839
FRPD90;9;2,371
FRPD93;9;2,8512
FRPD98;9;1,7766
FRPE01;9;4,55
FRPE15;9;1,291
FRPE16;9;5,075
FRPE17;9;3,101
FRPE18;9;1,211
FRPE19;9;0,925
FRPE20;9;2,633
FRPE24;9;3,928
FRPE26;9;3,774
FRPE27;9;2,572
FRPE28;9;2,88
FRPE35;9;2,16
FRPE36;9;3,08
FRPE38;9;4,49
FRPE47;9;3,313
FRPE52;9;5,76
FRPE53;9;2,499
FRPE56;9;5,177
FRPE64;9;1,123
FRPE70;9;2,8512
FRPE74;9;3,08
FRPE75;9;6,7716
FRPE78;9;3,441
FRPE83;9;3,862
FRPE89;9;7,56
FRPE90;9;2,4948
FRPE91;9;0,595
FRPE95;9;1,537
FRPE96;9;1,5228
FRPE98;9;1,4256
FRPF03;9;2,617
FRPF04;9;2,88
FRPF08;9;3,564
FRPF12;9;2,0304
FRPF13;9;4,207
FRPF15;9;2,8512
FRPF19;9;0,32
FRPF20;9;2,8512
FRPF24;9;0,979
FRPF26;9;0,941
FRPF30;9;2,4948
FRPF45;9;2,57
FRPF48;9;0,535
FRPF49;9;0,72
FRPF50;9;4,221
FRPF58;9;2,713
FRPF59;9;3,6
FRPF64;9;1,24
FRPF67;9;4,455
FRPF69;9;2,202
FRPF70;9;2,88
FRPF71;9;1,838
FRPF72;9;0,77857
FRPF74;9;2,611
FRPF79;9;3,546
FRPF80;9;3
FRPF81;9;1,311
FRPF82;9;2,538
FRPF84;9;3,216
FRPF85;9;3,9339
FRPF89;9;3,6
FRPG01;9;2,18
FRPG02;9;1,48
FRPG06;9;8,74
FRPG11;9;0
FRPG13;9;3,325
FRPG15;9;3,479
FRPG17;9;2,165
FRPG23;9;1,15
FRPG25;9;0,681
FRPG29;9;3,6
FRPG30;9;2,009
FRPG31;9;3,0294
FRPG33;9;1,668
FRPG35;9;4,996
FRPG36;9;2,8512
FRPG37;9;3,376
FRPG39;9;1,43
FRPG40;9;2,358
FRPG41;9;1,988
FRPG42;9;2,989
FRPG43;9;1,08
FRPG53;9;2,143
FRPG54;9;5,132
FRPG59;9;1,8
FRPG63;9;2,8512
FRPG72;9;3,646
FRPG73;9;3,802
FRPG77;9;3,9204
FRPG78;9;3,21
FRPG79;9;3,296
FRPG81;9;1,416
FRPG84;9;4,112
FRPG88;9;4,33
FRPG93;9;2,717
FRPG94;9;3,048
FRPH02;9;3,036
FRPH03;9;1,4
FRPH05;9;2,8512
FRPH07;9;3,011
FRPH11;9;4,609
FRPH15;9;5,867
FRPH21;9;3,923
FRPH22;9;3,503
FRPH23;9;3,012
FRPH25;9;1,17
FRPH26;9;3,021
FRPH28;9;5,5
FRPH30;9;1,75
FRPH35;9;2,8512
FRPH38;9;1,477
FRPH43;9;0,447
FRPH46;9;3,31
FRPH47;9;4,37
FRPH48;9;2,05
FRPH49;9;3,491
FRPH50;9;2,642
FRPH51;9;1,64
FRPH58;9;1,27
FRPH60;9;2,88
FRPH61;9;1,367
FRPH64;9;2,88
FRPH65;9;1,96
FRPH67;9;3,7422
FRPH69;9;1,09
FRPH73;9;5,493
FRPH75;9;3,6
FRPH80;9;1,771
FRPH81;9;4,8114
FRPH93;9;3,699
FRPH94;9;0,42
FRPH95;9;3,72
FRPH96;9;1,812
FRPH97;9;3,0456
FRPI02;9;1,7766
FRPI04;9;2,88
FRPI08;9;5,346
FRPI09;9;2,16
FRPI10;9;4,592
FRPI11;9;1,555
FRPI12;9;3,5
FRPI14;9;6,662
FRPI15;9;6,0588
FRPI16;9;11,9394
FRPI17;9;3,033
FRPI18;9;3,039
FRPI20;9;2,706
FRPI21;9;5,578
FRPI24;9;2,22
FRPI33;9;2,2
FRPI34;9;3,3
FRPI35;9;4,281
FRPI38;9;3,389
FRPI39;9;1,1
FRPI40;9;3,786
FRPI43;9;1,2474
FRPI47;9;2,16
FRPI48;9;2,88
FRPI51;9;3,686
FRPI56;9;0,74
FRPI58;9;5,9
FRPI59;9;5,24
FRPI61;9;1,27
FRPI71;9;3,564
FRPI72;9;2,259
FRPI73;9;1,782
FRPI79;9;2,299
FRPI82;9;5,802
FRPI87;9;19,799999999
FRPI89;9;7,02
FRPI95;9;2,538
FRPI96;9;2,8512
FRPI97;9;2,177
FRPI98;9;1,728
FRPJ02;9;3,0294
FRPJ05;9;0,37
FRPJ06;9;5
FRPJ07;9;4,165
FRPJ09;9;3,54
FRPJ11;9;2,16
FRPJ16;9;0,982
FRPJ20;9;3,4
FRPJ23;9;4,9896
FRPJ28;9;2,02
FRPJ30;9;2,466
FRPJ39;9;0,53
FRPJ42;9;2,744
FRPJ44;9;4,338
FRPJ46;9;2,7918
FRPJ47;9;2,48
FRPJ48;9;1,45
FRPJ49;9;2,21
FRPJ52;9;0,922
FRPJ55;9;3,602
FRPJ61;9;0,657
FRPJ62;9;3,525
FRPJ65;9;1,91
FRPJ66;9;2,1
FRPJ67;9;3,234
FRPJ78;9;4,728
FRPJ80;9;0
FRPJ81;9;1,14
FRPJ82;9;0
FRPJ84;9;3,494
FRPJ89;9;1,9035
FRPJ90;9;2,0304
FRPJ91;9;3,08
FRPJ92;9;3,94
FRPJ93;9;3,516
FRPJ96;9;1,3959
FRPJA1;9;5,82045
FRPK07;9;2,74
FRPK08;9;2,673
FRPK10;9;3,141
FRPK11;9;3,2
FRPK14;9;3,564
FRPK16;9;2,26
FRPK17;9;1,502
FRPK18;9;2,4948
FRPK25;9;5,832
FRPK28;9;2,0304
FRPK29;9;2,407
FRPK49;9;3,862
FRPK54;9;1,5228
FRPK56;9;3,78
FRPK57;9;1,782
FRPK59;9;1,88
FRPK63;9;1,44
FRPK65;9;1,782
FRPK67;9;4,799
FRPK68;9;2,446
FRPK69;9;0
FRPK70;9;2,8512
FRPK75;9;0
FRPK76;9;3,6
FRPK83;9;1,237
FRPK85;9;1,927
FRPK87;9;3,272
FRPK89;9;1,6497
FRPK94;9;0,41778
FRPK95;9;0,22778
FRPK96;9;0,41778
FRPK97;9;1,747
FRPK98;9;2,965
FRPL01;9;4,07
FRPL04;9;3,088
FRPL10;9;2,903
FRPL14;9;2,472
FRPL16;9;1,44
FRPL21;9;2,833
FRPL22;9;4,319999999
FRPL25;9;2,2
FRPL26;9;1,16
FRPL27;9;2,483
FRPL28;9;3,08
FRPL31;9;2,64
FRPL32;9;1,855
FRPL37;9;1,5
FRPL38;9;1,673
FRPL44;9;2,645
FRPL45;9;1,4
FRPL46;9;3,9204
FRPL47;9;2,93
FRPL50;9;4,294
FRPL53;9;3,876
FRPL55;9;1,791
FRPL56;9;2,331
FRPL63;9;1,859
FRPL67;9;2,8512
FRPN43;9;2,8512
FRPR24;9;2,743
FRPV97;9;0,74528
FRPW32;9;3,45
FRPW33;9;5,16
FRPW54;9;1,3
FRPW93;9;5,365
FRPW98;9;2,1
FRPX77;9;5,882
FRPX86;9;1,782
FRPYAB;9;1,2474
FRPYCK;9;5,7105
FRPYIP;9;0,0825
FRPYIQ;9;1,64
FRPZ80;9;0,84
FRPZ81;9;3,6
FRPZ87;9;3,06
FRPZ92;9;0
FRPZ99;9;0,715
FRPA01;10;5,45
FRPA13;10;3,343
FRPA36;10;1,6038
FRPA41;10;1,215
FRPA49;10;0,834
FRPA51;10;2,946
FRPA69;10;4,77
FRPA87;10;0
FRPA94;10;4,936
FRPACX;10;0,89
FRPAD8;10;1,8
FRPADB;10;1,74
FRPADI;10;1,604
FRPADQ;10;3,544
FRPADR;10;2,538
FRPAEA;10;1,336
FRPAEU;10;1,1421
FRPAFS;10;1,92
FRPAFT;10;2,94
FRPAFW;10;3,946
FRPAGC;10;2,66
FRPAGF;10;2,3166
FRPAGG;10;2,0304
FRPAGJ;10;2,58
FRPAH3;10;2,315
FRPAHP;10;0,981
FRPAI3;10;3,0456
FRPAIP;10;2,04
FRPAIR;10;3,0294
FRPAIX;10;1,67
FRPAIZ;10;4,25
FRPAJW;10;1,214
FRPAKC;10;1,6038
FRPAKF;10;5,94
FRPAKG;10;1,4
FRPAKH;10;3,9339
FRPAKX;10;2,48
FRPAL9;10;1,987
FRPAM3;10;3,835
FRPAM4;10;1,958
FRPAM7;10;1,311
FRPAME;10;2,88
FRPAMK;10;7,679
FRPAN3;10;1,782
FRPAN6;10;1,5228
FRPAP1;10;3,564
FRPASF;10;1,184
FRPAWI;10;2,427
FRPB30;10;3,386
FRPB48;10;2,673
FRPB66;10;1,318
FRPBB3;10;3,564
FRPBB4;10;6,54
FRPBB6;10;1,074
FRPC16;10;2,1384
FRPC23;10;2,5
FRPC38;10;2,67
FRPC39;10;1,424
FRPC42;10;2,492
FRPC43;10;2,849
FRPC48;10;3,0456
FRPC83;10;0,987
FRPCC1;10;0,767
FRPCFI;10;2,0304
FRPCGD;10;5,94
FRPCGE;10;3,6
FRPCGF;10;4,86
FRPCGP;10;5,4
FRPCIP;10;3,192
FRPD28;10;2,8512
FRPD45;10;3,66
FRPD55;10;2,1384
FRPD83;10;2,4948
FRPD84;10;1,146
FRPD85;10;0,7128
FRPD89;10;2,657
FRPD90;10;1,801
FRPD93;10;2,8512
FRPD98;10;1,6497
FRPE01;10;4,11
FRPE15;10;1,266
FRPE16;10;2,733
FRPE17;10;2,42
FRPE18;10;1,23
FRPE19;10;0,809
FRPE20;10;1,609
FRPE24;10;3,486
FRPE26;10;2,507
FRPE27;10;1,724
FRPE28;10;0,712
FRPE35;10;0,712
FRPE36;10;2,988
FRPE38;10;2,405
FRPE47;10;2,387
FRPE52;10;4,087
FRPE53;10;4,186
FRPE56;10;3,299
FRPE64;10;0,807
FRPE70;10;3,2076
FRPE74;10;1,66
FRPE75;10;5,346
FRPE78;10;3,469
FRPE83;10;2,83
FRPE85;10;0
FRPE89;10;5,525
FRPE90;10;2,673
FRPE91;10;0,774
FRPE95;10;2,6
FRPE96;10;1,5228
FRPE98;10;1,4256
FRPF03;10;3,53
FRPF04;10;1,603
FRPF08;10;3,418
FRPF12;10;1,9035
FRPF13;10;3,419
FRPF15;10;2,1384
FRPF19;10;0,389
FRPF20;10;2,8512
FRPF24;10;0,61
FRPF26;10;1,459
FRPF30;10;3,0294
FRPF45;10;1,4
FRPF48;10;0,835
FRPF49;10;0,89
FRPF50;10;3,973
FRPF58;10;2,347
FRPF59;10;4,989
FRPF64;10;0,77
FRPF67;10;3,2076
FRPF69;10;2,361
FRPF70;10;3,564
FRPF71;10;1,603
FRPF74;10;2,218
FRPF79;10;4,558
FRPF80;10;2,89
FRPF81;10;1,13
FRPF82;10;3,1725
FRPF84;10;2,095
FRPF85;10;3,9339
FRPF89;10;1,782
FRPG01;10;2,3
FRPG02;10;1,24
FRPG06;10;9,96
FRPG11;10;0,83
FRPG13;10;3,49
FRPG15;10;2,657
FRPG17;10;2,116
FRPG23;10;1,17
FRPG25;10;0,603
FRPG29;10;3,564
FRPG30;10;1,564
FRPG31;10;1,2474
FRPG33;10;1,352
FRPG35;10;4,856
FRPG36;10;3,3858
FRPG37;10;2,007
FRPG39;10;0,612
FRPG40;10;2,856
FRPG41;10;2,217
FRPG42;10;1,701
FRPG43;10;0,22
FRPG53;10;1,46
FRPG54;10;2,852
FRPG59;10;0,93
FRPG60;10;0,56
FRPG63;10;2,8512
FRPG72;10;3,259
FRPG73;10;2,397
FRPG77;10;2,673
FRPG78;10;1,94
FRPG79;10;1,675
FRPG81;10;0,848
FRPG84;10;3,093
FRPG88;10;3,11
FRPG89;10;1,0692
FRPG93;10;1,544
FRPG94;10;3,358
FRPH02;10;2,394
FRPH03;10;1,56
FRPH05;10;3,564
FRPH07;10;3,146
FRPH11;10;3,205
FRPH15;10;2,532
FRPH21;10;4,869
FRPH22;10;1,807
FRPH23;10;2,735
FRPH25;10;1,64
FRPH26;10;3,25
FRPH28;10;5,78
FRPH30;10;1,159
FRPH35;10;2,8512
FRPH38;10;1,186
FRPH43;10;0,499
FRPH46;10;2
FRPH47;10;5,148
FRPH48;10;1,699
FRPH49;10;3,991
FRPH50;10;1,778
FRPH51;10;2,578
FRPH58;10;0,453
FRPH60;10;3,66
FRPH61;10;1,093
FRPH64;10;0,89
FRPH65;10;2,88
FRPH67;10;3,2076
FRPH69;10;0,9
FRPH73;10;3,677
FRPH75;10;2,88
FRPH77;10;1,58
FRPH80;10;2,019
FRPH81;10;3,564
FRPH84;10;1,2
FRPH93;10;3,734
FRPH94;10;0,39
FRPH95;10;3,968
FRPH96;10;1,072
FRPH97;10;2,7918
FRPI02;10;1,6497
FRPI04;10;3,921
FRPI08;10;4,0986
FRPI09;10;0,178
FRPI10;10;5,663
FRPI11;10;1,723
FRPI12;10;3,6
FRPI14;10;3,707
FRPI15;10;4,8114
FRPI16;10;9,801
FRPI17;10;2,404
FRPI18;10;2,439
FRPI20;10;4,562
FRPI21;10;4,155
FRPI24;10;1,73
FRPI33;10;0,64
FRPI34;10;2,8
FRPI35;10;3,368
FRPI38;10;1,955
FRPI39;10;1,39
FRPI40;10;2,738
FRPI43;10;1,6038
FRPI47;10;1,68
FRPI48;10;0,891
FRPI51;10;2,409
FRPI56;10;0,41
FRPI57;10;1,88
FRPI58;10;4,6212
FRPI59;10;4,25
FRPI61;10;0,44
FRPI71;10;4,2768
FRPI72;10;2,282
FRPI73;10;1,4256
FRPI79;10;1,964
FRPI82;10;4,022
FRPI87;10;3,384
FRPI89;10;2,314
FRPI95;10;2,7918
FRPI96;10;3,564
FRPI97;10;3,661
FRPI98;10;2,052
FRPJ02;10;1,9602
FRPJ06;10;3,43
FRPJ07;10;3,076
FRPJ09;10;2,738
FRPJ11;10;3,564
FRPJ16;10;2,472
FRPJ20;10;1,77
FRPJ23;10;3,9204
FRPJ28;10;1,045
FRPJ30;10;1,66
FRPJ39;10;0,55
FRPJ42;10;2,235
FRPJ44;10;2,545
FRPJ46;10;3,9339
FRPJ47;10;2,26
FRPJ48;10;1,69
FRPJ49;10;2,26
FRPJ52;10;0,41
FRPJ55;10;2,004
FRPJ61;10;0,438
FRPJ62;10;3,21
FRPJ65;10;1,92
FRPJ66;10;1,71
FRPJ67;10;2,17
FRPJ78;10;3,472
FRPJ80;10;0
FRPJ81;10;0,95
FRPJ82;10;0
FRPJ84;10;2,5
FRPJ89;10;1,5228
FRPJ90;10;2,9187
FRPJ91;10;1,32
FRPJ92;10;2,87
FRPJ93;10;2,853
FRPJ96;10;2,0304
FRPK07;10;1,62
FRPK08;10;2,1384
FRPK10;10;1,979
FRPK11;10;1,997
FRPK14;10;4,455
FRPK16;10;2,31
FRPK17;10;1,867
FRPK18;10;1,782
FRPK25;10;6,23
FRPK28;10;1,6497
FRPK29;10;2,445
FRPK49;10;3,909
FRPK54;10;1,3959
FRPK56;10;2,314
FRPK57;10;1,2474
FRPK59;10;2,103
FRPK63;10;2,851
FRPK65;10;1,4256
FRPK67;10;3,319
FRPK68;10;3,347
FRPK69;10;0,712
FRPK70;10;2,3166
FRPK75;10;0
FRPK76;10;2,852
FRPK83;10;1,285
FRPK85;10;1,465
FRPK87;10;3,071
FRPK89;10;1,3959
FRPK97;10;2,021
FRPK98;10;2,461
FRPL01;10;2,24
FRPL04;10;1,887
FRPL10;10;4,298
FRPL14;10;1,632
FRPL16;10;2,317
FRPL21;10;1,808
FRPL22;10;1,958
FRPL25;10;1,59
FRPL26;10;0,769
FRPL27;10;2,163
FRPL28;10;1,91
FRPL31;10;2,25
FRPL32;10;2,203
FRPL37;10;1,12
FRPL38;10;1,414
FRPL44;10;3,425
FRPL45;10;1,5
FRPL46;10;3,564
FRPL47;10;2,86
FRPL50;10;4,169
FRPL53;10;2,535
FRPL55;10;1,564
FRPL56;10;2,431
FRPL63;10;2,231
FRPL67;10;1,6038
FRPN43;10;2,8512
FRPR24;10;0,88
FRPW32;10;1,83
FRPW33;10;2,81
FRPW54;10;0,55
FRPW93;10;4,287
FRPW98;10;1,4
FRPX77;10;4,774
FRPX86;10;1,9602
FRPYAB;10;0,7128
FRPYCK;10;5,5836
FRPYIQ;10;1,96
FRPZ80;10;0,7
FRPZ81;10;2,88
FRPZ87;10;3,14
FRPZ92;10;0
FRPZ99;10;0,645
FRPA01;11;4,13
FRPA13;11;3,118
FRPA36;11;2,673
FRPA41;11;1,537
FRPA49;11;1,028
FRPA51;11;3,684
FRPA69;11;5,24
FRPA87;11;0
FRPA94;11;5,679
FRPACX;11;2,825
FRPAD8;11;1,62
FRPADB;11;1,63
FRPADI;11;1,9602
FRPADQ;11;2,536
FRPADR;11;2,538
FRPAEA;11;1,429
FRPAEU;11;1,269
FRPAFS;11;2,64
FRPAFT;11;2,99
FRPAFW;11;2,955
FRPAGC;11;2,64
FRPAGF;11;2,673
FRPAGG;11;2,4111
FRPAGJ;11;3,19
FRPAH3;11;2,1384
FRPAHP;11;1,415
FRPAI3;11;3,1725
FRPAIP;11;0,98
FRPAIR;11;2,4948
FRPAIX;11;1,878
FRPAIZ;11;4,15
FRPAJW;11;1,092
FRPAKC;11;2,1384
FRPAKF;11;6,2
FRPAKG;11;1
FRPAKH;11;3,5532
FRPAKX;11;3,92
FRPAL9;11;2
FRPAM2;11;1,2312
FRPAM3;11;3,05
FRPAM4;11;2,3166
FRPAM7;11;1,535
FRPAME;11;2,16
FRPAMK;11;8,907
FRPAN3;11;1,783
FRPAN6;11;1,6497
FRPAP1;11;4,5036
FRPASF;11;1,393
FRPAWI;11;3,968
FRPB30;11;2,673
FRPB48;11;2,8512
FRPB66;11;0,937
FRPBB3;11;3,564
FRPBB4;11;6,09
FRPBB6;11;2,065
FRPC16;11;2,1384
FRPC23;11;2,76
FRPC38;11;1,9602
FRPC39;11;1,782
FRPC42;11;2,4948
FRPC43;11;1,9602
FRPC48;11;3,807
FRPC83;11;1,172
FRPCFI;11;2,538
FRPCGD;11;3,42
FRPCGE;11;2,879999998
FRPCGF;11;3,42
FRPCGP;11;4,32
FRPCIP;11;3,559
FRPD28;11;3,564
FRPD45;11;3,44
FRPD55;11;1,6038
FRPD83;11;2,673
FRPD84;11;1,645
FRPD85;11;1,4256
FRPD89;11;2,426
FRPD90;11;1,839
FRPD93;11;2,8512
FRPD98;11;2,538
FRPE01;11;6
FRPE15;11;1,507
FRPE16;11;3,284
FRPE17;11;2,099
FRPE18;11;1,246
FRPE19;11;1,07
FRPE20;11;1,733
FRPE24;11;3,796
FRPE26;11;2,009
FRPE27;11;1,016
FRPE28;11;0,1782
FRPE35;11;1,0692
FRPE36;11;3,095
FRPE38;11;2,073
FRPE47;11;2,369
FRPE52;11;4,454
FRPE53;11;4,212
FRPE56;11;2,207
FRPE64;11;1,047
FRPE70;11;2,673
FRPE74;11;1,3
FRPE75;11;5,7024
FRPE78;11;3,805
FRPE83;11;3,547
FRPE85;11;0
FRPE89;11;4,455
FRPE90;11;3,3858
FRPE91;11;0,482
FRPE95;11;1,549
FRPE96;11;1,9035
FRPE98;11;2,1384
FRPF03;11;2,879
FRPF04;11;1,9602
FRPF08;11;2,942
FRPF12;11;2,4111
FRPF13;11;3,61
FRPF15;11;1,2474
FRPF19;11;0,335
FRPF20;11;3,0294
FRPF24;11;1,041
FRPF26;11;2,889
FRPF30;11;2,8512
FRPF45;11;1,8
FRPF48;11;0,378
FRPF49;11;2,1384
FRPF50;11;4,11
FRPF58;11;2,285
FRPF59;11;4,9896
FRPF64;11;0,66
FRPF67;11;2,1384
FRPF69;11;2,018
FRPF70;11;4,9896
FRPF71;11;1,991
FRPF74;11;1,965
FRPF79;11;3,831
FRPF80;11;3,01
FRPF81;11;2,003
FRPF82;11;2,538
FRPF84;11;2,136
FRPF85;11;3,9339
FRPF89;11;1,782
FRPG01;11;1,5
FRPG02;11;1,46
FRPG06;11;8,24
FRPG11;11;1,63
FRPG13;11;3,091
FRPG15;11;2,75
FRPG17;11;1,525
FRPG23;11;1,54
FRPG25;11;0,913
FRPG29;11;1,782
FRPG30;11;2,317
FRPG31;11;2,1384
FRPG33;11;1,524
FRPG35;11;4,077
FRPG36;11;2,4948
FRPG37;11;2,322
FRPG39;11;1,321
FRPG40;11;2,298
FRPG41;11;1,7
FRPG42;11;1,779
FRPG43;11;0,9
FRPG53;11;1,765
FRPG54;11;3,619
FRPG59;11;0,95
FRPG60;11;1,25
FRPG63;11;3,2076
FRPG72;11;3,526
FRPG73;11;2,095
FRPG77;11;2,673
FRPG78;11;2,02
FRPG79;11;2,455
FRPG81;11;1,297
FRPG84;11;3,546
FRPG88;11;2,9
FRPG89;11;2,3166
FRPG93;11;2,109
FRPG94;11;3,797
FRPH02;11;2,028
FRPH03;11;2,56
FRPH05;11;2,3166
FRPH07;11;3,525
FRPH11;11;3,148
FRPH15;11;4,842
FRPH21;11;3,308
FRPH22;11;1,906
FRPH23;11;3,756
FRPH25;11;1,55
FRPH26;11;3,432
FRPH28;11;2,98
FRPH29;11;0
FRPH30;11;2,119
FRPH35;11;3,564
FRPH38;11;0,719
FRPH43;11;0,371
FRPH46;11;3,21
FRPH47;11;4,017
FRPH48;11;3,403
FRPH49;11;5,009
FRPH50;11;2,021
FRPH51;11;2,546
FRPH58;11;1,287
FRPH60;11;2,6
FRPH61;11;1,976
FRPH64;11;1,4256
FRPH65;11;1,22
FRPH67;11;4,455
FRPH69;11;0,97
FRPH73;11;3,492
FRPH75;11;3,06
FRPH77;11;2,44
FRPH80;11;1,621
FRPH81;11;3,0294
FRPH84;11;0
FRPH93;11;2,345
FRPH94;11;0,23
FRPH95;11;4,795
FRPH96;11;1,336
FRPH97;11;2,4111
FRPI02;11;2,0304
FRPI04;11;1,782
FRPI08;11;3,3858
FRPI09;11;0,891
FRPI10;11;4,91
FRPI11;11;1,322
FRPI12;11;3,4
FRPI14;11;4,164
FRPI15;11;4,456
FRPI16;11;5,1678
FRPI17;11;3,567
FRPI18;11;2,981
FRPI20;11;1,701
FRPI21;11;4,094
FRPI24;11;1,78
FRPI28;11;3,17
FRPI33;11;0,42
FRPI34;11;3,7
FRPI35;11;3,294
FRPI38;11;2,2
FRPI39;11;1,21
FRPI40;11;2,371
FRPI43;11;1,4256
FRPI47;11;2,64
FRPI48;11;1,2474
FRPI51;11;2,38
FRPI56;11;0,69
FRPI58;11;6,46
FRPI59;11;5,81
FRPI71;11;3,2076
FRPI72;11;3,183
FRPI73;11;1,4256
FRPI79;11;3,018
FRPI82;11;3,984
FRPI87;11;2,8512
FRPI89;11;3,2076
FRPI95;11;2,538
FRPI96;11;2,8512
FRPI97;11;2,439
FRPI98;11;1,728
FRPJ02;11;2,1384
FRPJ06;11;3,41
FRPJ07;11;5,236
FRPJ09;11;3,442
FRPJ11;11;4,6332
FRPJ16;11;0,485
FRPJ20;11;2,25
FRPJ23;11;4,2768
FRPJ28;11;1,232
FRPJ30;11;2,31
FRPJ39;11;1,07
FRPJ42;11;1,895
FRPJ44;11;3,342
FRPJ46;11;3,5532
FRPJ47;11;2,67
FRPJ48;11;1,61
FRPJ49;11;2,51
FRPJ52;11;0,527
FRPJ55;11;3,097
FRPJ61;11;1,112
FRPJ62;11;2,392
FRPJ65;11;3,044
FRPJ66;11;1,92
FRPJ67;11;3,051
FRPJ78;11;6,492
FRPJ80;11;0
FRPJ81;11;0,77
FRPJ82;11;0
FRPJ84;11;3,929
FRPJ89;11;2,2842
FRPJ90;11;3,4263
FRPJ92;11;3,872
FRPJ93;11;3,592
FRPJ96;11;1,5228
FRPK07;11;1,96
FRPK08;11;1,6038
FRPK10;11;1,724
FRPK11;11;1,768
FRPK14;11;3,564
FRPK16;11;2,7
FRPK17;11;1,105
FRPK18;11;2,3166
FRPK25;11;5,422
FRPK28;11;2,538
FRPK29;11;2,675
FRPK49;11;3,37
FRPK54;11;1,6497
FRPK56;11;1,6038
FRPK57;11;0,891
FRPK59;11;1,515
FRPK63;11;1,6038
FRPK65;11;1,6038
FRPK67;11;3,318
FRPK68;11;3,855
FRPK69;11;0,7128
FRPK70;11;3,0294
FRPK75;11;0
FRPK76;11;2,4948
FRPK83;11;1,323
FRPK85;11;1,273
FRPK87;11;3,883
FRPK89;11;1,9035
FRPK97;11;1,838
FRPK98;11;2,355
FRPL01;11;2,41
FRPL04;11;2,453
FRPL10;11;3,291
FRPL14;11;2,189
FRPL16;11;0,7128
FRPL21;11;1,803
FRPL22;11;2,1384
FRPL25;11;1,27
FRPL26;11;0,91
FRPL27;11;2,051
FRPL28;11;2,33
FRPL31;11;2,41
FRPL32;11;1,663
FRPL37;11;0,9
FRPL38;11;3,065
FRPL44;11;2,212
FRPL45;11;1,7
FRPL46;11;4,0986
FRPL47;11;2,4
FRPL50;11;5,977
FRPL53;11;2,856
FRPL55;11;2,436
FRPL56;11;2,328
FRPL63;11;1,746
FRPL67;11;1,6038
FRPN43;11;3,3858
FRPR24;11;1,276
FRPW32;11;1,27
FRPW33;11;3,486
FRPW54;11;0,5
FRPW93;11;5,448
FRPW98;11;1,69
FRPX77;11;5,458
FRPX86;11;1,782
FRPYAB;11;1,0692
FRPYCK;11;4,8222
FRPYIQ;11;1,92
FRPZ80;11;1,12
FRPZ81;11;2,52
FRPZ87;11;2,63
FRPZ92;11;0,891
FRPZ99;11;0,735
FRPA01;12;5,28
FRPA13;12;2,838
FRPA36;12;1,782
FRPA41;12;1,496
FRPA49;12;1,435
FRPA51;12;2,898
FRPA69;12;4,13
FRPA87;12;0
FRPA94;12;6,436
FRPACX;12;3,169
FRPAD8;12;1,44
FRPADB;12;2,48
FRPADI;12;3,0294
FRPADQ;12;3,915
FRPADR;12;3,1725
FRPAEA;12;1,277
FRPAEU;12;1,5228
FRPAFS;12;3,36
FRPAFT;12;2,55
FRPAFW;12;3,64
FRPAGC;12;3,08
FRPAGF;12;2,3166
FRPAGG;12;2,0304
FRPAGJ;12;2,87
FRPAH3;12;4,455
FRPAHP;12;1,235
FRPAI3;12;2,9187
FRPAIP;12;2,16
FRPAIR;12;2,673
FRPAIX;12;1,685
FRPAIZ;12;3,9
FRPAJW;12;1,251
FRPAKC;12;2,1384
FRPAKF;12;5,95
FRPAKG;12;0,92
FRPAKH;12;5,5836
FRPAKX;12;2,58
FRPAL9;12;2,577
FRPAM2;12;1,782
FRPAM3;12;3,712
FRPAM4;12;2,3166
FRPAM7;12;1,371
FRPAME;12;2,16
FRPAMK;12;9,181
FRPAN3;12;1,782
FRPAN6;12;2,1573
FRPAP1;12;5,8752
FRPASF;12;0,844
FRPAWI;12;3,153
FRPB30;12;3,564
FRPB48;12;2,8512
FRPB66;12;2,544
FRPBB3;12;4,455
FRPBB4;12;6,05
FRPBB6;12;1,488
FRPC16;12;2,1384
FRPC23;12;2,16
FRPC38;12;2,673
FRPC39;12;1,9602
FRPC42;12;2,673
FRPC43;12;2,673
FRPC48;12;2,9187
FRPC83;12;1,347
FRPCC1;12;1,282
FRPCFI;12;1,7766
FRPCGD;12;4,86
FRPCGE;12;2,7
FRPCGF;12;4,32
FRPCGP;12;5,94
FRPCIP;12;3,56
FRPD28;12;2,8512
FRPD45;12;3,21
FRPD55;12;1,4256
FRPD83;12;2,673
FRPD84;12;2,74
FRPD85;12;2,1384
FRPD89;12;3,773
FRPD90;12;2,429
FRPD93;12;3,564
FRPD98;12;1,9035
FRPE01;12;7,34
FRPE15;12;1,656
FRPE16;12;3,878
FRPE17;12;3,457
FRPE18;12;0,586
FRPE19;12;0,913
FRPE20;12;1,438
FRPE24;12;3,208
FRPE26;12;2,591
FRPE27;12;1,635
FRPE28;12;0,7128
FRPE35;12;0,891
FRPE36;12;3,509
FRPE38;12;2,361
FRPE47;12;3,077
FRPE52;12;5,581
FRPE53;12;3,674
FRPE56;12;3,937
FRPE64;12;1,079
FRPE70;12;2,4948
FRPE74;12;2,27
FRPE75;12;7,128
FRPE78;12;3,232
FRPE83;12;4,796
FRPE89;12;6,5934
FRPE90;12;2,8512
FRPE91;12;1,789
FRPE95;12;2,266
FRPE96;12;1,3959
FRPE98;12;1,782
FRPF03;12;1,845
FRPF04;12;1,2474
FRPF08;12;2,458
FRPF12;12;1,9035
FRPF13;12;3,04
FRPF15;12;2,1384
FRPF19;12;0,62
FRPF20;12;2,673
FRPF24;12;0,944
FRPF26;12;3,262
FRPF30;12;2,4948
FRPF45;12;2,93
FRPF48;12;0,704
FRPF49;12;0,5346
FRPF50;12;4,468
FRPF58;12;2,645
FRPF59;12;4,0986
FRPF64;12;1,14
FRPF67;12;3,7422
FRPF69;12;2,49
FRPF70;12;3,3858
FRPF71;12;2,372
FRPF74;12;2,544
FRPF79;12;3,834
FRPF80;12;2,97
FRPF81;12;2,027
FRPF82;12;2,2842
FRPF84;12;3,59
FRPF85;12;4,5684
FRPF89;12;1,0692
FRPG01;12;0,9
FRPG02;12;1,56
FRPG06;12;10,43
FRPG11;12;2,04
FRPG13;12;2,929
FRPG15;12;4,117
FRPG17;12;1,732
FRPG23;12;1,21
FRPG25;12;1,023
FRPG29;12;2,1384
FRPG30;12;1,839
FRPG31;12;3,564
FRPG33;12;1,074
FRPG35;12;3,999
FRPG36;12;2,673
FRPG37;12;2,52
FRPG39;12;0,272
FRPG40;12;2,128
FRPG41;12;1,71
FRPG42;12;2,05
FRPG43;12;1,08
FRPG53;12;2,351
FRPG54;12;4,197
FRPG59;12;2,07
FRPG60;12;0,63
FRPG63;12;4,2768
FRPG72;12;4,486
FRPG73;12;2,449
FRPG77;12;3,9204
FRPG78;12;1,84
FRPG79;12;2,921
FRPG81;12;1,153
FRPG84;12;2,8
FRPG88;12;3,97
FRPG89;12;3,564
FRPG93;12;2,137
FRPG94;12;2,831
FRPH02;12;1,891
FRPH03;12;1,96
FRPH05;12;2,4948
FRPH07;12;3,203
FRPH11;12;3,478
FRPH15;12;4,773
FRPH21;12;3,662
FRPH22;12;2,945
FRPH23;12;2,124
FRPH25;12;1,61
FRPH26;12;3,319
FRPH28;12;5,56
FRPH29;12;0,58
FRPH30;12;2,74
FRPH35;12;2,8512
FRPH38;12;1,355
FRPH43;12;0,569
FRPH46;12;2,64
FRPH47;12;5,996
FRPH48;12;2,698
FRPH49;12;4,236
FRPH50;12;1,895
FRPH51;12;2,814
FRPH58;12;0,659
FRPH60;12;2,4
FRPH61;12;1,505
FRPH64;12;0,891
FRPH65;12;2,05
FRPH67;12;3,7422
FRPH69;12;1,492
FRPH73;12;3,998
FRPH75;12;3,42
FRPH77;12;1,93
FRPH80;12;1,845
FRPH81;12;5,346
FRPH84;12;1,2
FRPH93;12;2,664
FRPH94;12;0,39
FRPH95;12;2,764
FRPH96;12;1,136
FRPH97;12;3,0456
FRPI02;12;1,9035
FRPI04;12;2,673
FRPI08;12;5,1678
FRPI09;12;0,7128
FRPI10;12;4,702
FRPI11;12;2,068
FRPI12;12;4,06
FRPI14;12;5,714
FRPI15;12;6,0588
FRPI16;12;6,5934
FRPI17;12;2,898
FRPI18;12;3,292
FRPI20;12;2,656
FRPI21;12;4,226
FRPI24;12;2,29
FRPI28;12;2,32
FRPI33;12;0,64
FRPI34;12;2,8
FRPI35;12;4,408
FRPI38;12;3,123
FRPI39;12;1,13
FRPI40;12;2,596
FRPI43;12;1,4256
FRPI47;12;1,92
FRPI48;12;1,2474
FRPI51;12;2,683
FRPI56;12;0,85
FRPI58;12;6,6
FRPI59;12;5,91
FRPI71;12;2,8512
FRPI72;12;1,86
FRPI73;12;1,4256
FRPI79;12;2,019
FRPI82;12;5,075
FRPI87;12;1,9602
FRPI89;12;3,9204
FRPI95;12;2,538
FRPI96;12;2,8512
FRPI97;12;2,688
FRPI98;12;1,728
FRPJ02;12;3,0294
FRPJ06;12;3,65
FRPJ07;12;3,425
FRPJ09;12;2,976
FRPJ11;12;3,7422
FRPJ16;12;0,868
FRPJ20;12;3,53
FRPJ23;12;5,346
FRPJ28;12;1,55
FRPJ30;12;2,465
FRPJ39;12;1,08
FRPJ42;12;2,834
FRPJ44;12;2,416
FRPJ46;12;4,1877
FRPJ47;12;3,07
FRPJ48;12;2
FRPJ49;12;3,03
FRPJ52;12;1,064
FRPJ55;12;3,604
FRPJ61;12;0,935
FRPJ62;12;3,731
FRPJ65;12;2,65
FRPJ66;12;1,576
FRPJ67;12;2,468
FRPJ78;12;5,041
FRPJ80;12;0
FRPJ81;12;1,16
FRPJ82;12;0
FRPJ84;12;3,312
FRPJ89;12;3,1725
FRPJ90;12;2,9187
FRPJ91;12;1,42
FRPJ92;12;4,244
FRPJ93;12;2,768
FRPJ96;12;1,5228
FRPK07;12;2,698
FRPK08;12;2,673
FRPK10;12;3,137
FRPK11;12;3,504
FRPK14;12;3,564
FRPK16;12;3,24
FRPK17;12;2,005
FRPK18;12;2,3166
FRPK25;12;5,501
FRPK28;12;2,0304
FRPK29;12;2,261
FRPK49;12;3,287
FRPK54;12;1,1421
FRPK56;12;1,9602
FRPK57;12;0,7128
FRPK59;12;1,551
FRPK63;12;3,9204
FRPK65;12;1,782
FRPK67;12;4,124
FRPK68;12;2,683
FRPK69;12;0,891
FRPK70;12;2,8512
FRPK75;12;0
FRPK76;12;2,673
FRPK83;12;1,226
FRPK85;12;1,822
FRPK87;12;3,148
FRPK89;12;1,7766
FRPK97;12;2,701
FRPK98;12;1,946
FRPL01;12;3,67
FRPL04;12;2,033
FRPL10;12;3,128
FRPL14;12;2,082
FRPL16;12;1,0692
FRPL21;12;3,047
FRPL22;12;3,0294
FRPL25;12;2,51
FRPL26;12;1,197
FRPL27;12;2,984
FRPL28;12;3,21
FRPL31;12;5,09
FRPL32;12;2,723
FRPL34;12;1,19
FRPL37;12;1,04
FRPL38;12;2,568
FRPL44;12;3,434
FRPL45;12;2,09
FRPL46;12;3,564
FRPL47;12;2,57
FRPL50;12;4,117
FRPL53;12;2,22
FRPL55;12;1,784
FRPL56;12;2,726
FRPL63;12;1,522
FRPL67;12;1,9602
FRPN43;12;2,8512
FRPR24;12;1,835
FRPW32;12;1,58
FRPW33;12;2,904
FRPW54;12;0,33
FRPW93;12;6,343
FRPW98;12;1,38
FRPX77;12;5,337
FRPX86;12;2,4948
FRPYAB;12;0,891
FRPYCK;12;5,7105
FRPYIQ;12;1,81
FRPZ80;12;0,84
FRPZ81;12;2,7
FRPZ87;12;3,37
FRPZ92;12;0,891
FRPZ99;12;0,908
